G	group	cell_sig	short	n_rights	rights
G1	Wealthy citizens	Male/Adult/Free/Native/Resident/High	M-A-F-N-R-H	26	Access to public honors; Access to religious rites; Access to the gymnasium; Eligibility for public office; Exemption from manual labor; Exemption from military service; Political power; Protection from arbitrary banishment; Protection from capital punishment; Protection from corporal punishment; Protection from legal prosecution; Protection from public libel; Right to a legal trial; Right to address the assembly; Right to adopt; Right to bodily autonomy; Right to citizenship; Right to dispose of property; Right to free speech; Right to inherit property; Right to professional judgement; Right to remuneration for office; Right to reside in the city; Right to retain own earnings; Right to retain property; Right to vote in the Ekklesia
G2	Rhapsodes	Male/Adult/Free/Native/Resident/Low	M-A-F-N-R-L	26	Access to public honors; Access to religious rites; Access to the gymnasium; Eligibility for public office; Exemption from manual labor; Exemption from military service; Political power; Protection from arbitrary banishment; Protection from capital punishment; Protection from corporal punishment; Protection from legal prosecution; Protection from public libel; Right to a legal trial; Right to address the assembly; Right to adopt; Right to bodily autonomy; Right to citizenship; Right to dispose of property; Right to free speech; Right to inherit property; Right to professional judgement; Right to remuneration for office; Right to reside in the city; Right to retain own earnings; Right to retain property; Right to vote in the Ekklesia
G3	The wealthy	Female/Adult/Free/Foreign/Resident/High	F-A-F-F-R-H	18	Access to religious rites; Access to the gymnasium; Eligibility for public office; Exemption from military service; Political power; Protection from capital punishment; Protection from corporal punishment; Right to a dowry; Right to a legal trial; Right to address the assembly; Right to bodily autonomy; Right to citizenship; Right to dispose of property; Right to free speech; Right to own property; Right to professional judgement; Right to retain own earnings; Right to retain property
G4	Resident aliens	Female/Adult/Free/Foreign/Resident/Low	F-A-F-F-R-L	17	Access to religious rites; Access to the gymnasium; Eligibility for public office; Exemption from military service; Protection from capital punishment; Protection from corporal punishment; Right to a dowry; Right to a legal trial; Right to address the assembly; Right to bodily autonomy; Right to citizenship; Right to dispose of property; Right to free speech; Right to own property; Right to professional judgement; Right to retain own earnings; Right to retain property
G5	The wealthy	Female/Adult/Free/Native/Resident/High	F-A-F-N-R-H	17	Access to religious rites; Access to the gymnasium; Eligibility for public office; Exemption from military service; Political power; Protection from capital punishment; Protection from corporal punishment; Right to a dowry; Right to address the assembly; Right to bodily autonomy; Right to citizenship; Right to free speech; Right to inherit property; Right to own property; Right to professional judgement; Right to retain own earnings; Right to retain property
G6	The wealthy	Male/Adult/Free/Foreign/Resident/High	M-A-F-F-R-H	17	Access to the gymnasium; Eligibility for public office; Exemption from manual labor; Exemption from military service; Political power; Protection from capital punishment; Protection from corporal punishment; Right to a legal trial; Right to address the assembly; Right to bodily autonomy; Right to citizenship; Right to dispose of property; Right to free speech; Right to inherit property; Right to professional judgement; Right to retain own earnings; Right to retain property
G7	Rhapsodes	Male/Adult/Free/Foreign/Resident/Low	M-A-F-F-R-L	17	Access to religious rites; Access to the gymnasium; Eligibility for public office; Exemption from manual labor; Exemption from military service; Political power; Protection from capital punishment; Protection from corporal punishment; Right to a legal trial; Right to address the assembly; Right to bodily autonomy; Right to citizenship; Right to dispose of property; Right to free speech; Right to inherit property; Right to professional judgement; Right to retain own earnings
G8	Priests	Female/Adult/Free/Native/Resident/Low	F-A-F-N-R-L	16	Access to religious rites; Access to the gymnasium; Eligibility for public office; Exemption from military service; Protection from capital punishment; Protection from corporal punishment; Right to a dowry; Right to address the assembly; Right to bodily autonomy; Right to citizenship; Right to free speech; Right to inherit property; Right to own property; Right to professional judgement; Right to retain own earnings; Right to retain property
G9	Prisoners of war	Female/Adult/Enslaved/Foreign/Resident/Low	F-A-E-F-R-L	15	Access to religious rites; Access to the gymnasium; Eligibility for public office; Protection from capital punishment; Protection from corporal punishment; Protection from legal prosecution; Right to a dowry; Right to a legal trial; Right to address the assembly; Right to bodily autonomy; Right to citizenship; Right to free speech; Right to own property; Right to retain own earnings; Right to retain property
G10	Scythians	Female/Adult/Enslaved/Foreign/Resident/High	F-A-E-F-R-H	14	Access to religious rites; Access to the gymnasium; Eligibility for public office; Protection from capital punishment; Protection from corporal punishment; Right to a dowry; Right to a legal trial; Right to address the assembly; Right to bodily autonomy; Right to citizenship; Right to free speech; Right to own property; Right to retain own earnings; Right to retain property
G11	Prisoners of war	Female/Minor/Enslaved/Foreign/Resident/Low	F-M-E-F-R-L	14	Access to religious rites; Access to the gymnasium; Eligibility for public office; Protection from capital punishment; Protection from corporal punishment; Protection from legal prosecution; Right to a dowry; Right to a legal trial; Right to address the assembly; Right to bodily autonomy; Right to citizenship; Right to free speech; Right to retain own earnings; Right to retain property
G12	Slaves	Female/Adult/Enslaved/Native/Resident/Low	F-A-E-N-R-L	13	Access to religious rites; Access to the gymnasium; Protection from capital punishment; Protection from corporal punishment; Protection from legal prosecution; Right to a dowry; Right to a legal trial; Right to address the assembly; Right to bodily autonomy; Right to free speech; Right to own property; Right to retain own earnings; Right to retain property
G13	Scythians	Female/Minor/Enslaved/Foreign/Resident/High	F-M-E-F-R-H	13	Access to religious rites; Access to the gymnasium; Eligibility for public office; Protection from capital punishment; Protection from corporal punishment; Right to a dowry; Right to a legal trial; Right to address the assembly; Right to bodily autonomy; Right to citizenship; Right to free speech; Right to retain own earnings; Right to retain property
G14	Resident aliens	Female/Minor/Free/Foreign/Resident/High	F-M-F-F-R-H	13	Access to religious rites; Access to the gymnasium; Eligibility for public office; Protection from capital punishment; Protection from corporal punishment; Right to a dowry; Right to a legal trial; Right to address the assembly; Right to bodily autonomy; Right to citizenship; Right to free speech; Right to retain own earnings; Right to retain property
G15	The poor	Female/Minor/Free/Foreign/Resident/Low	F-M-F-F-R-L	13	Access to religious rites; Access to the gymnasium; Eligibility for public office; Protection from capital punishment; Protection from corporal punishment; Right to a dowry; Right to a legal trial; Right to address the assembly; Right to bodily autonomy; Right to citizenship; Right to free speech; Right to retain own earnings; Right to retain property
G16	Minors	Female/Minor/Free/Native/Resident/Low	F-M-F-N-R-L	13	Access to religious rites; Access to the gymnasium; Eligibility for public office; Protection from capital punishment; Protection from corporal punishment; Right to a dowry; Right to address the assembly; Right to bodily autonomy; Right to citizenship; Right to free speech; Right to inherit property; Right to retain own earnings; Right to retain property
G17	Slaves	Female/Minor/Enslaved/Native/Resident/Low	F-M-E-N-R-L	12	Access to religious rites; Access to the gymnasium; Protection from capital punishment; Protection from corporal punishment; Protection from legal prosecution; Right to a dowry; Right to a legal trial; Right to address the assembly; Right to bodily autonomy; Right to free speech; Right to retain own earnings; Right to retain property
G18	Minors	Female/Minor/Free/Native/Resident/High	F-M-F-N-R-H	12	Access to religious rites; Access to the gymnasium; Protection from capital punishment; Protection from corporal punishment; Right to a dowry; Right to address the assembly; Right to bodily autonomy; Right to citizenship; Right to free speech; Right to inherit property; Right to retain own earnings; Right to retain property
G19	Scythian archers	Male/Adult/Enslaved/Foreign/Resident/Low	M-A-E-F-R-L	12	Access to the gymnasium; Eligibility for public office; Political power; Protection from capital punishment; Protection from corporal punishment; Protection from legal prosecution; Right to a legal trial; Right to address the assembly; Right to bodily autonomy; Right to citizenship; Right to free speech; Right to retain property
G20	Slaves	Male/Adult/Enslaved/Native/Resident/Low	M-A-E-N-R-L	12	Access to the gymnasium; Eligibility for public office; Political power; Protection from capital punishment; Protection from corporal punishment; Protection from legal prosecution; Right to a legal trial; Right to address the assembly; Right to bodily autonomy; Right to citizenship; Right to free speech; Right to retain property
G21	Women	Female/Adult/Enslaved/Native/Resident/High	F-A-E-N-R-H	11	Access to religious rites; Access to the gymnasium; Protection from capital punishment; Protection from corporal punishment; Right to a dowry; Right to address the assembly; Right to bodily autonomy; Right to free speech; Right to own property; Right to retain own earnings; Right to retain property
G22	Prisoners of war	Male/Minor/Enslaved/Foreign/Resident/Low	M-M-E-F-R-L	11	Access to the gymnasium; Eligibility for public office; Protection from capital punishment; Protection from corporal punishment; Protection from legal prosecution; Right to a legal trial; Right to address the assembly; Right to bodily autonomy; Right to citizenship; Right to free speech; Right to retain property
G23	Resident aliens	Male/Minor/Free/Foreign/Resident/High	M-M-F-F-R-H	11	Access to the gymnasium; Eligibility for public office; Political power; Protection from capital punishment; Protection from corporal punishment; Right to a legal trial; Right to address the assembly; Right to bodily autonomy; Right to citizenship; Right to free speech; Right to inherit property
G24	The poor	Male/Minor/Free/Foreign/Resident/Low	M-M-F-F-R-L	11	Access to the gymnasium; Eligibility for public office; Political power; Protection from capital punishment; Protection from corporal punishment; Right to a legal trial; Right to address the assembly; Right to bodily autonomy; Right to citizenship; Right to free speech; Right to inherit property
G25	Boys	Male/Minor/Free/Native/Resident/Low	M-M-F-N-R-L	11	Access to public honors; Access to the gymnasium; Eligibility for public office; Political power; Protection from capital punishment; Protection from corporal punishment; Right to address the assembly; Right to bodily autonomy; Right to citizenship; Right to free speech; Right to inherit property
G26	Women	Female/Minor/Enslaved/Native/Resident/High	F-M-E-N-R-H	10	Access to religious rites; Access to the gymnasium; Protection from capital punishment; Protection from corporal punishment; Right to a dowry; Right to address the assembly; Right to bodily autonomy; Right to free speech; Right to retain own earnings; Right to retain property
G27	Scythians	Male/Adult/Enslaved/Foreign/Resident/High	M-A-E-F-R-H	10	Access to the gymnasium; Eligibility for public office; Political power; Protection from capital punishment; Protection from corporal punishment; Right to a legal trial; Right to address the assembly; Right to bodily autonomy; Right to citizenship; Right to free speech
G28	Boys	Male/Minor/Free/Native/Resident/High	M-M-F-N-R-H	10	Access to public honors; Access to the gymnasium; Political power; Protection from capital punishment; Protection from corporal punishment; Right to address the assembly; Right to bodily autonomy; Right to citizenship; Right to free speech; Right to inherit property
G29	Men	Male/Adult/Enslaved/Native/Resident/High	M-A-E-N-R-H	9	Access to the gymnasium; Eligibility for public office; Political power; Protection from capital punishment; Protection from corporal punishment; Right to address the assembly; Right to bodily autonomy; Right to citizenship; Right to free speech
G30	Scythians	Male/Minor/Enslaved/Foreign/Resident/High	M-M-E-F-R-H	9	Access to the gymnasium; Eligibility for public office; Protection from capital punishment; Protection from corporal punishment; Right to a legal trial; Right to address the assembly; Right to bodily autonomy; Right to citizenship; Right to free speech
G31	Slaves	Male/Minor/Enslaved/Native/Resident/Low	M-M-E-N-R-L	9	Access to the gymnasium; Protection from capital punishment; Protection from corporal punishment; Protection from legal prosecution; Right to a legal trial; Right to address the assembly; Right to bodily autonomy; Right to free speech; Right to retain property
G32	The rich	Female/Adult/Free/Foreign/Non resident/High	F-A-F-F-N-H	6	Eligibility for public office; Protection from capital punishment; Right to a legal trial; Right to citizenship; Right to free speech; Right to own property
G33	Foreigners	Female/Adult/Free/Foreign/Non resident/Low	F-A-F-F-N-L	6	Eligibility for public office; Protection from capital punishment; Right to a legal trial; Right to citizenship; Right to free speech; Right to own property
G34	Exiles	Female/Adult/Free/Native/Non resident/High	F-A-F-N-N-H	6	Eligibility for public office; Right to citizenship; Right to free speech; Right to inherit property; Right to own property; Right to retain property
G35	Men	Male/Adult/Enslaved/Foreign/Non resident/High	M-A-E-F-N-H	6	Eligibility for public office; Political power; Protection from capital punishment; Right to a legal trial; Right to citizenship; Right to free speech
G36	Men	Male/Adult/Enslaved/Foreign/Non resident/Low	M-A-E-F-N-L	6	Eligibility for public office; Political power; Protection from capital punishment; Right to a legal trial; Right to citizenship; Right to free speech
G37	The rich	Male/Adult/Free/Foreign/Non resident/High	M-A-F-F-N-H	6	Eligibility for public office; Political power; Protection from capital punishment; Right to a legal trial; Right to citizenship; Right to free speech
G38	Fathers	Male/Adult/Free/Foreign/Non resident/Low	M-A-F-F-N-L	6	Eligibility for public office; Political power; Protection from capital punishment; Right to a legal trial; Right to citizenship; Right to free speech
G39	Exiles	Male/Adult/Free/Native/Non resident/High	M-A-F-N-N-H	6	Eligibility for public office; Political power; Right to citizenship; Right to free speech; Right to inherit property; Right to retain property
G40	Exiles	Male/Adult/Free/Native/Non resident/Low	M-A-F-N-N-L	6	Eligibility for public office; Political power; Right to citizenship; Right to free speech; Right to inherit property; Right to retain property
G41	Suppliants	Male/Minor/Enslaved/Native/Resident/High	M-M-E-N-R-H	6	Access to the gymnasium; Protection from capital punishment; Protection from corporal punishment; Right to address the assembly; Right to bodily autonomy; Right to free speech
G42	Exiles	Female/Adult/Free/Native/Non resident/Low	F-A-F-N-N-L	5	Right to citizenship; Right to free speech; Right to inherit property; Right to own property; Right to retain property
G43	Foreigners	Female/Minor/Free/Foreign/Non resident/High	F-M-F-F-N-H	5	Eligibility for public office; Protection from capital punishment; Right to a legal trial; Right to citizenship; Right to free speech
G44	Foreigners	Female/Minor/Free/Foreign/Non resident/Low	F-M-F-F-N-L	5	Eligibility for public office; Protection from capital punishment; Right to a legal trial; Right to citizenship; Right to free speech
G45	Foreigners	Male/Minor/Free/Foreign/Non resident/High	M-M-F-F-N-H	5	Eligibility for public office; Protection from capital punishment; Right to a legal trial; Right to citizenship; Right to free speech
G46	Foreigners	Male/Minor/Free/Foreign/Non resident/Low	M-M-F-F-N-L	5	Eligibility for public office; Protection from capital punishment; Right to a legal trial; Right to citizenship; Right to free speech
G47	Women	Female/Adult/Enslaved/Foreign/Non resident/High	F-A-E-F-N-H	4	Protection from capital punishment; Right to a legal trial; Right to free speech; Right to own property
G48	Women	Female/Adult/Enslaved/Foreign/Non resident/Low	F-A-E-F-N-L	4	Protection from capital punishment; Right to a legal trial; Right to free speech; Right to own property
G49	Exiles	Female/Minor/Free/Native/Non resident/High	F-M-F-N-N-H	4	Right to citizenship; Right to free speech; Right to inherit property; Right to retain property
G50	Exiles	Female/Minor/Free/Native/Non resident/Low	F-M-F-N-N-L	4	Right to citizenship; Right to free speech; Right to inherit property; Right to retain property
G51	Men	Male/Adult/Enslaved/Native/Non resident/High	M-A-E-N-N-H	4	Eligibility for public office; Political power; Right to citizenship; Right to free speech
G52	Men	Male/Adult/Enslaved/Native/Non resident/Low	M-A-E-N-N-L	4	Eligibility for public office; Political power; Right to citizenship; Right to free speech
G53	Exiles	Male/Minor/Free/Native/Non resident/High	M-M-F-N-N-H	4	Right to citizenship; Right to free speech; Right to inherit property; Right to retain property
G54	Exiles	Male/Minor/Free/Native/Non resident/Low	M-M-F-N-N-L	4	Right to citizenship; Right to free speech; Right to inherit property; Right to retain property
G55	Non-citizens	Female/Minor/Enslaved/Foreign/Non resident/High	F-M-E-F-N-H	3	Protection from capital punishment; Right to a legal trial; Right to free speech
G56	Non-citizens	Female/Minor/Enslaved/Foreign/Non resident/Low	F-M-E-F-N-L	3	Protection from capital punishment; Right to a legal trial; Right to free speech
G57	Non-citizens	Male/Minor/Enslaved/Foreign/Non resident/High	M-M-E-F-N-H	3	Protection from capital punishment; Right to a legal trial; Right to free speech
G58	Non-citizens	Male/Minor/Enslaved/Foreign/Non resident/Low	M-M-E-F-N-L	3	Protection from capital punishment; Right to a legal trial; Right to free speech
G59	Women	Female/Adult/Enslaved/Native/Non resident/High	F-A-E-N-N-H	2	Right to free speech; Right to own property
G60	Women	Female/Adult/Enslaved/Native/Non resident/Low	F-A-E-N-N-L	2	Right to free speech; Right to own property
G61	The mute	Female/Minor/Enslaved/Native/Non resident/High	F-M-E-N-N-H	1	Right to free speech
G62	The mute	Female/Minor/Enslaved/Native/Non resident/Low	F-M-E-N-N-L	1	Right to free speech
G63	The mute	Male/Minor/Enslaved/Native/Non resident/High	M-M-E-N-N-H	1	Right to free speech
G64	The mute	Male/Minor/Enslaved/Native/Non resident/Low	M-M-E-N-N-L	1	Right to free speech
