status	cell_sig	cell_long	resource_meta	n_polities	polities	directionalities
contingent	M-A-F-N-R-*	sex=male | age=adult | ownership_status=free | ancestry=native | residence=resident | wealth=any	Political power	8	Archaic Athens (Solonic); Archaic Miletus; Classical Athens; Classical Athens (Eleusis); Corinth; Delphic Amphictyonic League; Roman Empire; Salamis (Cyprus)	MORE; MORE; MORE; MORE; MORE; MORE; MORE; LESS
contingent	M-A-F-N-R-*	sex=male | age=adult | ownership_status=free | ancestry=native | residence=resident | wealth=any	Eligibility for public office	7	Achaean League; Classical Athens; Classical Elea; Classical Greece; Classical Samos; Classical Tarentum; Hellenistic Greek states	LESS; LESS,MORE; MORE; MORE; MORE; LESS; MORE
contingent	M-A-F-N-R-H	sex=male | age=adult | ownership_status=free | ancestry=native | residence=resident | wealth=high	Eligibility for public office	7	Archaic Athens; Archaic Athens (Draconian); Archaic Athens (Pre-Solonic); Classical Athens; Classical Sparta; Late Period Egypt; Sparta	MORE; MORE; MORE; MORE; MORE; MORE; LESS,MORE
contingent	*-*-F-F-R-*	sex=any | age=any | ownership_status=free | ancestry=foreign | residence=resident | wealth=any	Right to citizenship	6	Acragas; Classical Athens; Classical Greece; Hellenistic Greece; Roman Empire; Sparta	MORE; LESS; LESS; MORE; MORE; MORE
contingent	*-*-E-*-R-L	sex=any | age=any | ownership_status=enslaved | ancestry=any | residence=resident | wealth=low	Protection from corporal punishment	5	Classical Athens; Classical Greece; Hellenistic Athens; Roman Empire; Scythia	LESS,MORE; LESS; LESS; LESS; LESS
contingent	*-*-F-N-R-H	sex=any | age=any | ownership_status=free | ancestry=native | residence=resident | wealth=high	Eligibility for public office	5	Classical Greece; Early Roman Kingdom; Middle Roman Republic; Sicyon; Sparta	MORE; MORE; LESS; MORE; MORE
contingent	M-A-F-N-R-*	sex=male | age=adult | ownership_status=free | ancestry=native | residence=resident | wealth=any	Right to citizenship	5	Archaic Athens (Solonic); Classical Athens; Classical Athens (Cleisthenic); Salamis (Cyprus); Sparta	LESS; LESS,MORE; MORE; MORE; LESS
contingent	*-*-E-*-R-L	sex=any | age=any | ownership_status=enslaved | ancestry=any | residence=resident | wealth=low	Right to retain own earnings	4	Classical Athens; Hellenistic Athens; Roman Empire; Roman Empire (Greek East)	LESS,MORE; MORE; MORE; LESS
contingent	*-A-F-*-R-L	sex=any | age=adult | ownership_status=free | ancestry=unspecified | residence=resident | wealth=low	Eligibility for public office	4	Carthage; Classical Athens; Classical Greece (Oligarchical); Early Roman Kingdom	LESS; LESS; LESS; MORE
contingent	M-A-F-N-R-*	sex=male | age=adult | ownership_status=free | ancestry=native | residence=resident | wealth=any	Protection from corporal punishment	4	Archaic Athens (Solonic); Classical Athens; Mytilene; Scythia	LESS; MORE; MORE; MORE
contingent	M-A-F-N-R-*	sex=male | age=adult | ownership_status=free | ancestry=native | residence=resident | wealth=any	Right to own land	4	Aegina (Athenian Cleruchy); Archaic Sparta; Classical Athens; Locri (Epizephyrian)	MORE; MORE; LESS; LESS
contingent	*-*-E-*-R-L	sex=any | age=any | ownership_status=enslaved | ancestry=any | residence=resident | wealth=low	Protection from enslavement	3	Classical Athens; Olbia; Thebes	LESS,MORE; LESS; MORE
contingent	*-*-F-N-R-*	sex=any | age=any | ownership_status=free | ancestry=native | residence=resident | wealth=any	Protection from capital punishment	3	Archaic Aegina; Classical Athens; Syracuse	LESS; LESS; MORE
contingent	*-A-F-*-R-H	sex=any | age=adult | ownership_status=free | ancestry=unspecified | residence=resident | wealth=high	Eligibility for public office	3	Carthage; Classical Athens; Classical Greece	MORE; LESS,MORE; MORE
contingent	*-A-F-*-R-H	sex=any | age=adult | ownership_status=free | ancestry=unspecified | residence=resident | wealth=high	Political power	3	Archaic Athens (Solonic); Classical Athens; Classical Greece (Oligarchical)	MORE; MORE; LESS
contingent	*-A-F-*-R-H	sex=any | age=adult | ownership_status=free | ancestry=unspecified | residence=resident | wealth=high	Protection from capital punishment	3	Classical Athens; Classical Athens (the Thirty Tyrants); Hellenistic Macedon	MORE; LESS; LESS
contingent	M-A-F-N-R-*	sex=male | age=adult | ownership_status=free | ancestry=native | residence=resident | wealth=any	Exemption from manual labor	3	Classical Athens; Delphi; High Empire Athens	MORE; LESS; LESS
contingent	M-A-F-N-R-*	sex=male | age=adult | ownership_status=free | ancestry=native | residence=resident | wealth=any	Protection from capital punishment	3	Classical Athens; Classical Athens (the Thirty Tyrants); Classical Greece	LESS,MORE; LESS; LESS
contingent	M-A-F-N-R-*	sex=male | age=adult | ownership_status=free | ancestry=native | residence=resident | wealth=any	Right to address the assembly	3	Archaic Athens (Solonic); Carthage; Classical Athens	LESS; MORE; LESS,MORE
contingent	M-A-F-N-R-*	sex=male | age=adult | ownership_status=free | ancestry=native | residence=resident | wealth=any	Right to bear arms	3	Classical Athens; Classical Athens (the Thirty Tyrants); Classical Greece	LESS,MORE; LESS; MORE
contingent	M-A-F-N-R-*	sex=male | age=adult | ownership_status=free | ancestry=native | residence=resident | wealth=any	Right to freedom of movement	3	Classical Athens; Classical Sparta; League of Corinth	MORE; LESS; MORE
contingent	M-A-F-N-R-*	sex=male | age=adult | ownership_status=free | ancestry=native | residence=resident | wealth=any	Right to reside in the city	3	Archaic Ephesus; Classical Athens; Sinope	LESS; LESS,MORE; LESS
contingent	M-A-F-N-R-L	sex=male | age=adult | ownership_status=free | ancestry=native | residence=resident | wealth=low	Eligibility for public office	3	Archaic Athens (Solonic); Classical Athens; Sparta	LESS; LESS,MORE; MORE
contingent	*-*-*-F-*-*	sex=any | age=any | ownership_status=any | ancestry=foreign | residence=any | wealth=any	Protection from enslavement	2	Classical Athens; Middle Roman Republic	MORE; LESS
contingent	*-*-E-*-R-L	sex=any | age=any | ownership_status=enslaved | ancestry=any | residence=resident | wealth=low	Access to the gymnasium	2	Classical Athens; Hellenistic Athens	LESS; MORE
contingent	*-*-E-*-R-L	sex=any | age=any | ownership_status=enslaved | ancestry=any | residence=resident | wealth=low	Political power	2	Classical Athens; Corinth	LESS; MORE
contingent	*-*-E-*-R-L	sex=any | age=any | ownership_status=enslaved | ancestry=any | residence=resident | wealth=low	Right to bear arms	2	Crete; Hellenistic Greece	LESS; MORE
contingent	*-*-E-*-R-L	sex=any | age=any | ownership_status=enslaved | ancestry=any | residence=resident | wealth=low	Right to bodily autonomy	2	Archaic Athens (Solonic); Roman Empire	LESS; MORE
contingent	*-*-F-*-R-L	sex=any | age=any | ownership_status=free | ancestry=unspecified | residence=resident | wealth=low	Eligibility for public office	2	Ambracia; Classical Athens	LESS; LESS,MORE
contingent	*-*-F-*-R-L	sex=any | age=any | ownership_status=free | ancestry=unspecified | residence=resident | wealth=low	Right to remuneration for office	2	Classical Athens; Classical Athens (the Five Thousand)	MORE; LESS
contingent	*-*-F-*-R-L	sex=any | age=any | ownership_status=free | ancestry=unspecified | residence=resident | wealth=low	Right to vote in the Ekklesia	2	Classical Athens; Classical Athens (the Five Thousand)	LESS,MORE; LESS
contingent	*-*-F-N-R-*	sex=any | age=any | ownership_status=free | ancestry=native | residence=resident | wealth=any	Protection from enslavement	2	Classical Athens; Mantineia	MORE; LESS
contingent	*-*-F-N-R-*	sex=any | age=any | ownership_status=free | ancestry=native | residence=resident | wealth=any	Right to bear arms	2	Argos; Middle Roman Republic	LESS; MORE
contingent	*-A-F-*-R-H	sex=any | age=adult | ownership_status=free | ancestry=unspecified | residence=resident | wealth=high	Exemption from compulsory public financing	2	Classical Athens; Classical Greece	LESS,MORE; LESS
contingent	*-A-F-*-R-H	sex=any | age=adult | ownership_status=free | ancestry=unspecified | residence=resident | wealth=high	Right to retain property	2	Classical Athens; Hellenistic Rhodes	LESS,MORE; LESS
contingent	*-A-F-*-R-M	sex=any | age=adult | ownership_status=free | ancestry=any | residence=resident | wealth=middle	Eligibility for public office	2	Classical Greece; Classical Thebes	MORE; LESS
contingent	*-A-F-*-R-M	sex=any | age=adult | ownership_status=free | ancestry=unspecified | residence=resident | wealth=middle	Eligibility for public office	2	Classical Athens; Classical Greece	LESS; MORE
contingent	F-*-*-*-R-*	sex=female | age=any | ownership_status=any | ancestry=unspecified | residence=resident | wealth=any	Right to bodily autonomy	2	Classical Athens; Mytilene	LESS,MORE; LESS
contingent	F-*-*-*-R-*	sex=female | age=any | ownership_status=any | ancestry=unspecified | residence=resident | wealth=any	Right to own property	2	Archaic Greece; Classical Athens	LESS; MORE
contingent	F-*-F-N-R-*	sex=female | age=any | ownership_status=free | ancestry=native | residence=resident | wealth=any	Right to bodily autonomy	2	Classical Athens; Classical Sparta	LESS,MORE; LESS
contingent	F-*-F-N-R-*	sex=female | age=any | ownership_status=free | ancestry=native | residence=resident | wealth=any	Right to inherit property	2	Chalcidice; Classical Athens	MORE; LESS,MORE
contingent	M-A-*-*-*-*	sex=male | age=adult | ownership_status=any | ancestry=any | residence=any | wealth=any	Political power	2	Classical Athens; Classical Greece	LESS; MORE
contingent	M-A-*-*-*-*	sex=male | age=adult | ownership_status=any | ancestry=any | residence=any | wealth=any	Right to citizenship	2	Archaic Athens (Solonic); Classical Athens	LESS; MORE
contingent	M-A-F-*-R-*	sex=male | age=adult | ownership_status=free | ancestry=unspecified | residence=resident | wealth=any	Right to a legal trial	2	Classical Athens; Roman Empire	LESS; MORE
contingent	M-A-F-N-R-*	sex=male | age=adult | ownership_status=free | ancestry=native | residence=resident | wealth=any	Access to public honors	2	Classical Athens; Thebes	LESS,MORE; MORE
contingent	M-A-F-N-R-*	sex=male | age=adult | ownership_status=free | ancestry=native | residence=resident | wealth=any	Access to religious rites	2	Classical Athens; Roman Athens	LESS,MORE; LESS
contingent	M-A-F-N-R-*	sex=male | age=adult | ownership_status=free | ancestry=native | residence=resident | wealth=any	Exemption from compulsory public financing	2	Classical Athens; Roman Athens	LESS,MORE; LESS
contingent	M-A-F-N-R-*	sex=male | age=adult | ownership_status=free | ancestry=native | residence=resident | wealth=any	Protection from arbitrary banishment	2	Classical Athens; League of Corinth	LESS,MORE; MORE
contingent	M-A-F-N-R-*	sex=male | age=adult | ownership_status=free | ancestry=native | residence=resident | wealth=any	Right to bodily autonomy	2	Archaic Athens (Solonic); Classical Athens	LESS; MORE
contingent	M-A-F-N-R-*	sex=male | age=adult | ownership_status=free | ancestry=native | residence=resident | wealth=any	Right to retain property	2	Classical Athens; Sicyon	LESS,MORE; MORE
contingent	M-A-F-N-R-H	sex=male | age=adult | ownership_status=free | ancestry=native | residence=resident | wealth=high	Exemption from manual labor	2	Classical Athens; Sparta	LESS; MORE
stable_LESS	M-A-F-N-R-H	sex=male | age=adult | ownership_status=free | ancestry=native | residence=resident | wealth=high	Right to retain property	4	Achaemenid Empire; Classical Athens; Megara; Sparta	LESS; LESS; LESS; LESS
stable_LESS	*-*-*-N-*-*	sex=any | age=any | ownership_status=any | ancestry=native | residence=any | wealth=any	Right to drink wine	2	Hellenistic Hierapolis; Hierapolis (Syria)	LESS; LESS
stable_LESS	*-*-E-*-R-L	sex=any | age=any | ownership_status=enslaved | ancestry=any | residence=resident | wealth=low	Right to drink wine	2	Archaic Athens; Archaic Rome	LESS; LESS
stable_LESS	*-*-E-N-R-L	sex=any | age=any | ownership_status=enslaved | ancestry=native | residence=resident | wealth=low	Protection from corporal punishment	2	Classical Sparta; Sparta	LESS; LESS
stable_LESS	*-*-F-*-R-H	sex=any | age=any | ownership_status=free | ancestry=unspecified | residence=resident | wealth=high	Right to retain property	2	Classical Athens; Classical Syracuse	LESS; LESS
stable_LESS	*-*-F-F-*-*	sex=any | age=any | ownership_status=free | ancestry=foreign | residence=any | wealth=any	Right to own land	2	Archaic Greece; Classical Greece	LESS; LESS
stable_LESS	*-*-F-F-R-*	sex=any | age=any | ownership_status=free | ancestry=foreign | residence=resident | wealth=any	Right to own land	2	Archaic Athens (Solonic); Classical Sparta	LESS; LESS
stable_LESS	*-*-F-F-R-*	sex=any | age=any | ownership_status=free | ancestry=foreign | residence=resident | wealth=any	Right to reside in the city	2	Classical Athens; Thurii	LESS; LESS
stable_LESS	*-*-F-F-R-*	sex=any | age=any | ownership_status=free | ancestry=foreign | residence=resident | wealth=any	Right to retain property	2	Athens (The Thirty Tyrants); Sicyon	LESS; LESS
stable_LESS	*-*-F-M-R-*	sex=any | age=any | ownership_status=free | ancestry=mixed | residence=resident | wealth=any	Right to vote in the Ekklesia	2	Archaic Athens; Classical Athens	LESS; LESS
stable_LESS	*-A-F-*-R-H	sex=any | age=adult | ownership_status=free | ancestry=unspecified | residence=resident | wealth=high	Right to own land	2	Classical Athens; Sparta	LESS; LESS
stable_LESS	*-A-F-F-R-*	sex=any | age=adult | ownership_status=free | ancestry=foreign | residence=resident | wealth=any	Exemption from taxes	2	Classical Athens; Oropus	LESS; LESS
stable_LESS	*-A-F-F-R-*	sex=any | age=adult | ownership_status=free | ancestry=foreign | residence=resident | wealth=any	Right to own land	2	Classical Athens; Thebes	LESS; LESS
stable_LESS	*-M-F-N-R-*	sex=any | age=minor | ownership_status=free | ancestry=native | residence=resident | wealth=unspecified	Right to bodily autonomy	2	Classical Athens; Sparta	LESS; LESS
stable_LESS	M-A-*-*-*-*	sex=male | age=adult | ownership_status=any | ancestry=any | residence=any | wealth=any	Right to bodily autonomy	2	Classical Athens; Hierapolis (Syria)	LESS; LESS
stable_LESS	M-A-F-N-R-H	sex=male | age=adult | ownership_status=free | ancestry=native | residence=resident | wealth=high	Right to citizenship	2	Classical Athens; Sparta	LESS; LESS
stable_MORE	M-A-F-N-R-*	sex=male | age=adult | ownership_status=free | ancestry=native | residence=resident | wealth=any	Right to vote in the Ekklesia	6	Archaic Athens (Solonic); Classical Athens; Crete; Croton; Oreus; Sicyon	MORE; MORE; MORE; MORE; MORE; MORE
stable_MORE	M-A-F-N-R-*	sex=male | age=adult | ownership_status=free | ancestry=native | residence=resident | wealth=any	Right to a legal trial	5	Archaic Athens (Peisistratid); Archaic Athens (Solonic); Classical Athens; Classical Thebes; Hellenistic Athens	MORE; MORE; MORE; MORE; MORE
stable_MORE	M-A-F-N-R-*	sex=male | age=adult | ownership_status=free | ancestry=native | residence=resident | wealth=any	Protection from enslavement	4	Archaic Athens; Archaic Athens (Solonic); Classical Athens; Classical Athens (Solonic)	MORE; MORE; MORE; MORE
stable_MORE	*-*-E-*-R-L	sex=any | age=any | ownership_status=enslaved | ancestry=any | residence=resident | wealth=low	Right to a legal trial	2	Archaic Athens (Solonic); Classical Athens	MORE; MORE
stable_MORE	*-*-F-N-R-*	sex=any | age=any | ownership_status=free | ancestry=native | residence=resident | wealth=any	Eligibility for public office	2	Classical Athens; Classical Sparta	MORE; MORE
stable_MORE	*-*-F-N-R-H	sex=any | age=any | ownership_status=free | ancestry=native | residence=resident | wealth=high	Political power	2	Classical Athens; Early Roman Kingdom	MORE; MORE
stable_MORE	*-A-F-*-R-*	sex=any | age=adult | ownership_status=free | ancestry=any | residence=resident | wealth=any	Right to retain own earnings	2	Ancient Egypt; Classical Athens	MORE; MORE
stable_MORE	*-A-F-N-*-H	sex=any | age=adult | ownership_status=free | ancestry=native | residence=any | wealth=high	Eligibility for public office	2	Late Roman Republic; Roman Empire	MORE; MORE
stable_MORE	*-A-F-N-R-H	sex=any | age=adult | ownership_status=free | ancestry=native | residence=resident | wealth=high	Eligibility for public office	2	Archaic Ephesus; Hierapolis (Syria)	MORE; MORE
stable_MORE	*-M-F-N-R-*	sex=any | age=minor | ownership_status=free | ancestry=native | residence=resident | wealth=unspecified	Exemption from taxes	2	Classical Athens; Sparta	MORE; MORE
stable_MORE	F-*-F-N-R-*	sex=female | age=any | ownership_status=free | ancestry=native | residence=resident | wealth=any	Political power	2	Archaic Sparta; Classical Sparta	MORE; MORE
stable_MORE	M-A-F-*-R-*	sex=male | age=adult | ownership_status=free | ancestry=any | residence=resident | wealth=any	Protection from corporal punishment	2	Classical Athens; Hellenistic Athens	MORE; MORE
stable_MORE	M-A-F-N-R-*	sex=male | age=adult | ownership_status=free | ancestry=native | residence=resident | wealth=any	Access to the gymnasium	2	Archaic Athens (Solonic); Classical Athens	MORE; MORE
stable_MORE	M-A-F-N-R-*	sex=male | age=adult | ownership_status=free | ancestry=native | residence=resident | wealth=any	Right to remuneration for office	2	Classical Athens; Crete	MORE; MORE
stable_MORE	M-A-F-N-R-H	sex=male | age=adult | ownership_status=free | ancestry=native | residence=resident | wealth=high	Access to public honors	2	Ionia and Pontus; Sparta	MORE; MORE
