group_meta	emic_label	rule_polity	period	cell_sig	c_sex	c_age	c_ownership_status	c_ancestry	c_residence	c_wealth	n_rules	Eligibility for public office	Right to a trial	Right to citizenship	Deliberative authority	Speaking in the assembly	Personal liberty	Exemption from liturgies	Owning and retaining property	Pay for assembly or jury service	Protection from property seizure	Protection from capital punishment	Eligibility for the archonship	Eligibility for jury service	Participation in sacred rites	Inheriting property	Immunity from prosecution	Protection from private assault	Retaining one's own earnings	Voting in the assembly	Protection from execution without trial	Eligibility for public honors	Protection from judicial torture	Protection from penal corporal punishment	Freedom of movement	Exemption from manual or agricultural labor	Eligibility for military command	Access to formal education	Right of residence	Exemption from taxes	Freedom of choice in marriage	Possession of arms	Right to engage in business	Freedom from state supervision	Right to a dowry	Exemption from legal audit	Access to public subsidies	Owning land	Eligibility for the kingship	Access to common meals	Protection from arbitrary arrest	Exemption from military service	Protection from arbitrary banishment	Testifying in court	Enrollment in civic sub-units	Access to sacred spaces	Proposing legislation	Access to specialized courts	Eligibility for the council	Disposing of property by will	Local self-governance	Right to marry a citizen	Access to physical training	Protection from slander	Resident allowance for the poor	Election of magistrates	Right to adoption	Protection from enslavement for debt	Right to a share of an estate	Access to the Agora	Right to a public funeral	Right to consume wine	Freedom of speech	Right to dietary choices	Right to legal personhood	Disposing of property	Right to a legal trial	Exemption from public office	Eligibility for the consulship	Eligibility for military service	Access to assembly proceedings	Right to a name	Right to communicate through gesture	Exemption from social obligations	Right to receive patronage provisions	Access to public amenities	Right to marry	Dietary practices	Eligibility for any public office	Selection of the monarch	Right to bodily autonomy	Eligibility for diplomatic office	Support of ancestors	right to audit magistrates	Eligibility for priesthood	Right to attend public meals	Right to personal name	Right to punish adultery	Priesthood
Citizens	politēs	Classical Athens	Late Classical (354–165 BCE)	M-A-F-N-R-*	male	adult	free	native	resident	any	88	1	1	0	1	0			1	1		0	1	1	X		0	1	1	1	1	0			0		1		1			1	X				1			0	1	1		1	1	0	X	1								1		1		0	1						1															1		1					
Citizens	politēs	Classical Athens	Classical (500–360 BCE)	M-A-F-N-R-*	male	adult	free	native	resident	any	85	1	1	0	1	1		1	1	1	0	1		1		1	1	1		1	1		1						X			0									1	1	0		1		1	1	1	1			1	1	1		1				0																											1	
The wealthy	plousioi	Classical Athens	Late Classical (354–165 BCE)	*-A-F-*-R-H	any	adult	free	unspecified	resident	high	31	1	0		1			0	0	0	X	1	1	0		X			0	0						1											1	0										1					0																																				
Slaves	douloi	Classical Athens	Late Classical (354–165 BCE)	*-*-E-*-R-L	any	any	enslaved	any	resident	low	22		1	0	0		X					1						X	1				0															0						0										0																																			
The poor	penētes	Classical Athens	Late Classical (354–165 BCE)	*-*-F-*-R-L	any	any	free	unspecified	resident	low	22	0		0	1			1		1			1	0				1		X						0						0																																				1																					
Foreigners	xenos	Classical Athens	Late Classical (354–165 BCE)	*-*-F-F-R-*	any	any	free	foreign	resident	any	22		X	X			0					1				0														X			1	0			1	0		1	0				0			1				0													0																								
The wealthy	plousioi	Classical Athens	Classical (500–360 BCE)	*-A-F-*-R-H	any	adult	free	unspecified	resident	high	21		1					0	X		0								0									1		0																				0		1		0																																			
Slaves	douloi	Classical Athens	Classical (500–360 BCE)	*-*-E-*-R-L	any	any	enslaved	any	resident	low	18		1			0	0		1								1	0	0				0	0		0		0																																																													
Women	gynaikes	Classical Athens	Classical (500–360 BCE)	F-*-*-*-R-*	female	any	any	unspecified	resident	any	17					1			1						1	0	0	1							0						1		X		1														0																																								
Magistrates	archōn	Classical Athens	Late Classical (354–165 BCE)	M-A-F-N-R-*	male	adult	free	native	resident	any	14	0					0			1	0	0										0			0								0			0											1			0																																							
Foreigners	xenos	Classical Athens	Classical (500–360 BCE)	*-*-F-F-*-*	any	any	free	foreign	unspecified	any	12	0		1			0				0	X						1							0		1						0								X																																																
Women	gynaikes	Classical Athens	Late Classical (354–165 BCE)	F-*-*-*-R-*	female	any	any	unspecified	resident	any	11		0		0				1									1													0				1																			0					0																														
Minors	pais	Classical Athens	Late Classical (354–165 BCE)	*-M-F-N-R-*	any	minor	free	native	resident	unspecified	10	0			0		1							0			1							0				1		1							1			0																																																	
Magistrates	archōn	Classical Athens	Classical (500–360 BCE)	M-A-F-N-R-*	male	adult	free	native	resident	any	10		X								0	0		1							0															0																																																					
Citizens	politēs	Classical Athens	High Roman Empire (135–205 CE)	M-A-F-N-R-*	male	adult	free	native	resident	any	9		1							1				1						1							1	1				0																																																									
The wealthy	plousioi	Classical Greece	Late Classical (354–165 BCE)	*-A-F-*-*-H	any	adult	free	unspecified	resident	high	9	1			0			0			0											1				1																																																															
Minors	pais	Classical Athens	Classical (500–360 BCE)	*-M-F-N-R-*	any	minor	free	native	resident	unspecified	8			0		0	X					X				1									0																																																																
The wealthy;Citizens	plousioi	Classical Athens	Classical (500–360 BCE)	M-A-F-N-R-H	male	adult	free	native	resident	high	7	1						0											0											0																																																											
Citizens	politēs	Archaic Athens (Solonic)	Late Classical (354–165 BCE)	M-A-F-N-R-*	male	adult	free	native	resident	any	6		1	0																																1																				1		1																															
Men	andres	Classical Athens	Late Classical (354–165 BCE)	M-A-*-*-*-*	male	adult	any	any	any	any	6	0				0																														1																								0																									0				
Other	amyētoi	Classical Athens	Classical (500–360 BCE)	*-*-*-*-R-*	any	any	any	any	resident	any	6																				1																							0		0							1																		0																		
Men	andres	Classical Athens	Classical (500–360 BCE)	M-A-*-*-*-*	male	adult	any	any	any	any	5												1				1														0														1																											1																	
Foreigners	metoikos	Classical Athens	Hellenistic & Early Roman (165 BCE – 105 CE)	*-A-F-F-R-*	any	adult	free	foreign	resident	any	5	0				0																								0																	0								0																																		
Nobles	gnōrimoi	Classical Athens	Late Classical (354–165 BCE)	M-A-F-N-R-H	male	adult	free	native	resident	high	5	1																				1																	1			0	0																																														
The wealthy;Citizens	plousioi	Classical Athens	Late Classical (354–165 BCE)	M-A-F-N-R-H	male	adult	free	native	resident	high	5			0				0																																																																																	
Citizens	politēs	Classical Athens	Hellenistic & Early Roman (165 BCE – 105 CE)	M-A-F-N-R-*	male	adult	free	native	resident	any	5				1		1						1		1					1																																																																					
Men;Heirs	hyioi poiētoi	Classical Athens	Classical (500–360 BCE)	M-*-F-*-R-*	male	any	free	any	resident	any	5															1																													1														1																														
The wealthy	plousioi	Roman Empire (Greek East)	High Roman Empire (135–205 CE)	*-A-F-*-*-H	any	adult	free	any	any	high	5					0					0																			0												0																																		0													
Artisans	banausoi	Classical Athens	Late Classical (354–165 BCE)	*-A-F-*-R-M	any	adult	free	any	resident	middle	4	0													1															1																		1																																									
The multitude	plēthos	Classical Athens	Late Classical (354–165 BCE)	*-A-F-N-R-L	any	adult	free	native	resident	low	4				1																	1							0			0																																																									
Men;Elders	diaitetai	Classical Athens	Late Classical (354–165 BCE)	M-E-F-N-R-*	male	elder	free	native	resident	any	4	X												0																																																																											
Exiles	phugas	Classical Athens	Late Classical (354–165 BCE)	*-*-F-N-N-*	any	any	free	native	non_resident	any	4											1													1				1												1																																																
Artisans	artifex	Roman Empire	High Roman Empire (135–205 CE)	*-*-*-*-R-L	any	adult	any	unspecified	resident	low	4																					1				0																		X																																													
Citizens	homoios	Sparta	Hellenistic & Early Roman (165 BCE – 105 CE)	M-A-F-N-R-H	male	adult	free	native	resident	high	4			0					0																	1																																												0																			
Citizens	homoios	Sparta	Late Classical (354–165 BCE)	M-A-F-N-R-H	male	adult	free	native	resident	high	4								1				1															1												1																																																	
Citizens	politēs	League of Corinth	Late Classical (354–165 BCE)	M-A-F-N-R-*	male	adult	free	native	resident	any	4								1																1																		1																																														
The educated	pepaideumenoi	Roman Empire	High Roman Empire (135–205 CE)	*-*-F-*-*-*	any	any	free	any	any	any	4														0									0																																																		0	1														
The poor	tapinoi	Classical Greece	Late Classical (354–165 BCE)	*-A-F-*-R-L	any	adult	free	any	resident	low	4	0			0								0																																																																												
Nobles	Eurypontidai	Classical Sparta	Hellenistic & Early Roman (165 BCE – 105 CE)	M-*-F-N-R-H	male	any	free	native	resident	high	4				1																																		1																																																		
Poets	poiētēs	Classical Athens	Late Classical (354–165 BCE)	M-A-F-*-R-*	male	adult	free	unspecified	resident	any	4		0																																		1							1										1																																			
Citizens	cives Romani	Roman Empire	Hellenistic & Early Roman (165 BCE – 105 CE)	M-A-F-M-*-*	male	adult	free	mixed	any	any	3				0												1										1																																																														
Artisans	emporos	Classical Athens	Classical (500–360 BCE)	*-A-F-*-R-M	any	adult	free	unspecified	resident	middle	3																																									1		0																																													
Women	mulieres	Roman Empire	High Roman Empire (135–205 CE)	F-A-*-*-*-*	female	adult	any	any	any	any	3																																	0						0																																														0			
The poor	hypomeiones	Classical Sparta	Late Classical (354–165 BCE)	*-A-F-N-R-L	any	adult	free	native	resident	low	3																											1												1																1																																	
Women	Lakaiai	Classical Sparta	Hellenistic & Early Roman (165 BCE – 105 CE)	F-*-F-N-R-*	female	any	free	native	resident	any	3						1																								0																				1																																						
Magistrates;Kings	consul	Middle Roman Republic	Hellenistic & Early Roman (165 BCE – 105 CE)	M-A-F-N-R-H	male	adult	free	native	resident	high	3	1			1																						0																																																														
Women	gynaika	Early Christian Church	Hellenistic & Early Roman (165 BCE – 105 CE)	F-*-*-*-*-*	female	any	unspecified	any	any	unspecified	3								1																0									0																																																							
Philosophers	sophistēs	Classical Athens	Classical (500–360 BCE)	M-A-F-*-R-M	male	adult	free	any	resident	middle	3																																1											1																																													
Foreigners	metoikos	Athens (The Thirty Tyrants)	Classical (500–360 BCE)	*-*-F-F-R-*	any	any	free	foreign	resident	any	3				0						0										0																																																																				
Greeks	Syrakosioi	Syracuse	Hellenistic & Early Roman (165 BCE – 105 CE)	*-*-*-N-R-*	any	any	any	native	resident	any	3					1																					0											1																																																			
The poor	penētes	Classical Athens	Classical (500–360 BCE)	*-*-F-*-R-L	any	any	free	unspecified	resident	low	3	1		0		1																																																																																			
Citizens	politēs	Archaic Athens (Solonic)	High Roman Empire (135–205 CE)	M-A-F-N-R-*	male	adult	free	native	resident	any	3		1																									1																																																													
Kings	dictator	Middle Roman Republic	Hellenistic & Early Roman (165 BCE – 105 CE)	M-A-F-N-R-H	male	adult	free	native	resident	high	3				1																1	1																																																																			
The poor	thēs	Archaic Athens (Solonic)	Late Classical (354–165 BCE)	M-A-F-N-R-L	male	adult	free	native	resident	low	2	0											0																																																																												
The multitude	apaideutos	Roman Empire	High Roman Empire (135–205 CE)	*-*-*-*-*-*	any	adult	any	unspecified	any	any	2			1													1																																																																								
The multitude	plēthos	Classical Athens	Hellenistic & Early Roman (165 BCE – 105 CE)	*-A-F-N-R-L	any	adult	free	native	resident	low	2													1																																										1																																	
Heirs		Classical Athens	Classical (500–360 BCE)	*-*-F-N-*-*	any	any	free	native	unspecified	any	2															1																																																																			0						
Heirs	klēronomoi	Classical Athens	Late Classical (354–165 BCE)	*-*-F-*-R-*	any	any	free	any	resident	any	2		1													0																																																																									
Priests	hem-netjer	Ancient Egypt	Classical (500–360 BCE)	*-A-F-*-R-*	any	adult	free	any	resident	any	2																		1																							1																																															
Heirs;Men	gnēsioi	Classical Athens	Classical (500–360 BCE)	M-*-F-N-R-*	male	any	free	native	resident	any	2															1																																											1																														
The poor	thētes	Classical Athens (the Five Thousand)	Late Classical (354–165 BCE)	*-*-F-*-R-L	any	any	free	unspecified	resident	low	2									0										0																																																																					
Syrians	syroi	Hierapolis (Syria)	High Roman Empire (135–205 CE)	*-*-*-N-*-*	any	any	any	native	any	any	2																																																															0																									
Minors;Men	eirēnes	Sparta	Hellenistic & Early Roman (165 BCE – 105 CE)	M-M-F-N-R-*	male	minor	free	native	resident	any	2																																	0																													0																										
Philosophers	grammaticus	Roman Empire	High Roman Empire (135–205 CE)	M-A-F-*-R-*	male	adult	free	unspecified	resident	any	2		1																1																																																																						
Other	dikazomenos	Classical Athens	Late Classical (354–165 BCE)	*-*-*-*-*-*	any	adult	any	any	any	any	2		1																														0																																																								
Priests		Roman Empire	Hellenistic & Early Roman (165 BCE – 105 CE)	M-A-F-*-R-*	male	adult	free	unspecified	resident	any	2																								1				1																																																												
Priests	mystae	Roman Empire	High Roman Empire (135–205 CE)	*-A-*-*-*-*	any	adult	any	unspecified	resident	any	2																					1																																																																	0		
Priests	Kohen	Second Temple Judea	Hellenistic & Early Roman (165 BCE – 105 CE)	M-A-F-N-R-*	male	adult	free	native	resident	high	2														X																																																																										
Priests;Women	Virgines Vestales	Early Roman Kingdom	Hellenistic & Early Roman (165 BCE – 105 CE)	F-*-F-N-R-H	female	any	free	native	resident	high	2																														0																			1																																							
Nobles	nobilitas	Middle Roman Republic	Hellenistic & Early Roman (165 BCE – 105 CE)	*-*-F-N-R-*	any	any	free	native	resident	any	2																										1																						0																																								
Sick	eneoi	Classical Athens	Classical (500–360 BCE)	*-*-*-*-*-*	any	any	any	any	any	any	2						1																																																																		1																
Nobles	patricii	Early Roman Kingdom	Hellenistic & Early Roman (165 BCE – 105 CE)	*-*-F-N-R-H	any	any	free	native	resident	high	2																																																																														1	1									
Nobles	eupatridai	Classical Athens	Hellenistic & Early Roman (165 BCE – 105 CE)	*-*-F-N-R-H	any	any	free	native	resident	high	2																																										0							1																																							
Nobles	dynastai	Classical Athens	Classical (500–360 BCE)	M-A-F-N-R-H	male	adult	free	native	resident	high	2																					1																																1																																			
Nobles	eupatridai	Archaic Athens	Late Classical (354–165 BCE)	M-A-F-N-R-H	male	adult	free	native	resident	high	2												1																																																																												
Slaves	heilōtes	Classical Sparta	Hellenistic & Early Roman (165 BCE – 105 CE)	*-*-E-N-R-L	any	any	enslaved	native	resident	low	2																	0								0																																																															
Syrians	Syri	Hellenistic Hierapolis	High Roman Empire (135–205 CE)	*-*-*-N-*-*	any	any	any	native	any	any	2																																													0																																0											
Slaves	doulos	Crete	Late Classical (354–165 BCE)	*-*-E-*-R-L	any	any	enslaved	any	resident	low	2				0																											0																																																									
Slaves	servi	Roman Empire	High Roman Empire (135–205 CE)	*-*-E-*-R-L	any	any	enslaved	any	resident	low	2																		1					0																																																																	
Minors	paides	Sparta	Late Classical (354–165 BCE)	*-M-F-N-R-*	any	minor	free	native	resident	unspecified	2																													1	0																																																										
Slaves	heilōtes	Sparta	Hellenistic & Early Roman (165 BCE – 105 CE)	*-*-E-N-R-L	any	any	enslaved	native	resident	low	2																	0	1																																																																						
Minors	impuberes	Middle Roman Republic	Hellenistic & Early Roman (165 BCE – 105 CE)	*-M-*-*-*-*	any	minor	any	unspecified	any	any	2	0																										1																																																													
Minors	nepios	Early Christian Church	Hellenistic & Early Roman (165 BCE – 105 CE)	*-M-*-*-*-*	any	minor	unspecified	any	any	unspecified	2																											1																																																													
Foreigners	xenoi	Sparta	Hellenistic & Early Roman (165 BCE – 105 CE)	*-*-F-F-*-*	any	any	free	foreign	any	any	2			1																									0																																																												
Soldiers	lipotaktai	Classical Athens	Classical (500–360 BCE)	M-A-F-N-*-*	male	adult	free	native	any	any	2			0		0																																																																																			
Soldiers;Magistrates	stratēgos	Achaean League	Hellenistic & Early Roman (165 BCE – 105 CE)	M-A-F-N-R-H	male	adult	free	native	resident	high	2																				1																0																																																				
Spartans	Spartiatai	Sparta	Hellenistic & Early Roman (165 BCE – 105 CE)	*-*-F-N-R-*	any	any	free	native	resident	any	2																								0			0																																																													
Men;Citizens	eleutheroi	Classical Athens	Late Classical (354–165 BCE)	*-*-F-*-*-*	any	adult	free	any	any	any	2	1																								1																																																															
Men;Citizens	eleutheroi	Classical Athens	Classical (500–360 BCE)	M-*-F-N-R-*	male	adult	free	any	resident	any	2															1																									1																																																
The poor	hypomeiones	Sparta	Late Classical (354–165 BCE)	M-A-F-N-R-L	male	adult	free	native	resident	low	2			0	0																																																																																				
Priests	hiereis	Classical Athens	Classical (500–360 BCE)	*-A-F-N-R-*	any	adult	free	native	resident	any	2														1																																																																										
Citizens	politēs	Roman Athens	High Roman Empire (135–205 CE)	M-A-F-N-R-*	male	adult	free	native	resident	any	2														0																																																																										
Citizens	polites	Sicyon	Hellenistic & Early Roman (165 BCE – 105 CE)	M-A-F-N-R-*	male	adult	free	native	resident	any	2								1											1																																																																					
Christians	christianos	Early Christian Church	Hellenistic & Early Roman (165 BCE – 105 CE)	*-*-*-*-*-*	any	any	any	any	any	any	2						0								1																																																																										
Women	gynaikes	Classical Athens	High Roman Empire (135–205 CE)	F-*-*-*-R-*	female	any	any	unspecified	resident	any	2																																		1																		0																																				
The wealthy;Citizens	plousioi	Classical Athens	Hellenistic & Early Roman (165 BCE – 105 CE)	M-A-F-N-R-H	male	adult	free	native	resident	high	2							0																																																																																	
Citizens	Hoi Triskhilioi	Athens (The Thirty Tyrants)	Classical (500–360 BCE)	M-A-F-N-R-H	male	adult	free	native	resident	high	2																			0	0																																																																				
Women	gynaikes	Hellenistic Greece	Hellenistic & Early Roman (165 BCE – 105 CE)	F-*-*-*-*-*	female	any	any	any	any	any	2						0		0																																																																																
Citizens;Foreigners	astoi kai metoikoi	Classical Athens	Late Classical (354–165 BCE)	*-*-F-*-R-*	any	adult	free	any	resident	any	2	0																															0																																																								
Citizens	politai	Classical Athens (the Thirty Tyrants)	Late Classical (354–165 BCE)	M-A-F-N-R-*	male	adult	free	native	resident	any	2																				0											0																																																									
Foreigners	xenoi	Athenian Empire	Classical (500–360 BCE)	*-*-F-F-N-*	any	any	free	foreign	non_resident	any	2		0																																																															0																							
Citizens	politēs	Classical Greece	Late Classical (354–165 BCE)	M-A-F-N-R-*	male	adult	free	native	resident	any	2	1																														1																																																									
Women	Lakaiai	Archaic Sparta	Hellenistic & Early Roman (165 BCE – 105 CE)	F-*-F-N-R-*	female	any	free	native	resident	any	2				1																																																1																																				
Citizens	politēs	Salamis (Cyprus)	Classical (500–360 BCE)	M-A-F-N-R-*	male	adult	free	native	resident	any	2										1																																								0																																						
Citizens	politēs	Corinth	Hellenistic & Early Roman (165 BCE – 105 CE)	M-A-F-N-N-*	male	adult	free	native	non_resident	any	2																										1																								1																																						
Citizens	eleutheroi	Crete	Late Classical (354–165 BCE)	M-A-F-N-R-*	male	adult	free	native	resident	any	2																			1																				1																																																	
Citizens	civis Romanus	Late Roman Republic	Hellenistic & Early Roman (165 BCE – 105 CE)	M-A-F-N-*-*	male	adult	free	native	any	any	2																				0													0																																																							
Foreigners	xenoi	Archaic Athens (Solonic)	High Roman Empire (135–205 CE)	*-*-F-F-R-*	any	any	free	foreign	resident	any	2														0																							0																																																			
Women	Spartiatis	Sparta	Late Classical (354–165 BCE)	F-A-F-N-R-*	female	adult	free	native	resident	any	2															1																		1																																																							
Artisans	agricolae	Early Roman Kingdom	Hellenistic & Early Roman (165 BCE – 105 CE)	*-A-*-*-R-L	any	adult	any	unspecified	resident	low	2	1																								0																																																															
The poor;Sick	adunatoi	Classical Athens	Late Classical (354–165 BCE)	M-A-F-N-R-L	male	adult	free	native	resident	low	2																																																						1																																		
Foreigners	dōpētos	Classical Athens	High Roman Empire (135–205 CE)	*-*-*-F-*-*	any	adult	any	foreign	any	any	2																													0																		0																																									
The wealthy	plousioi	Classical Greece	Classical (500–360 BCE)	*-A-F-*-*-H	any	adult	free	unspecified	unspecified	high	2	1												1																																																																											
The wealthy	plousioi	Classical Athens	Hellenistic & Early Roman (165 BCE – 105 CE)	*-A-F-*-R-H	any	adult	free	unspecified	resident	high	2												1						1																																																																						
Women;Nobles		Archaic Macedon	Late Classical (354–165 BCE)	F-A-F-N-R-H	female	adult	free	native	resident	high	1																																																			1																																					
Women;Wives	gynaikes	Classical Athens	Classical (500–360 BCE)	F-A-F-*-R-*	female	adult	free	unspecified	resident	any	1											1																																																																													
Slaves	doulos	Classical Cos	High Roman Empire (135–205 CE)	*-*-E-*-R-L	any	any	enslaved	any	resident	low	1														0																																																																										
Slaves	douloi	Classical Greece	Classical (500–360 BCE)	*-*-E-*-R-L	any	any	enslaved	any	resident	low	1																							0																																																																	
Priests	hem-netjer	Late Period Egypt	Classical (500–360 BCE)	M-A-F-N-R-H	male	adult	free	native	resident	high	1																																						1																																																		
Priests	galli	Hierapolis (Syria)	High Roman Empire (135–205 CE)	M-A-*-*-*-*	male	adult	any	any	any	any	1																																	0																																																							
Women	gynaikes	Classical Thebes	Hellenistic & Early Roman (165 BCE – 105 CE)	F-*-F-N-R-*	female	any	free	native	resident	any	1																								0																																																																
Women;Wives	gynaikes	Classical Athens	Late Classical (354–165 BCE)	F-A-F-*-R-*	female	adult	free	unspecified	resident	any	1																																		1																																																						
Priests	Galli	Hellenistic Hierapolis	High Roman Empire (135–205 CE)	M-A-F-*-R-*	male	adult	free	unspecified	resident	any	1																																																												0																												
Slaves	doulos	Hellenistic Greece	Hellenistic & Early Roman (165 BCE – 105 CE)	*-*-E-*-R-L	any	any	enslaved	any	resident	low	1																															1																																																									
Priests	fetiales	Early Roman Kingdom	Hellenistic & Early Roman (165 BCE – 105 CE)	M-A-F-N-R-*	male	adult	free	native	resident	unspecified	1				1																																																																																				
Slaves	servi	Roman Empire	Hellenistic & Early Roman (165 BCE – 105 CE)	*-*-E-*-R-L	any	any	enslaved	any	resident	low	1						1																																																																																		
Priests	hiereis	Classical Athens	Late Classical (354–165 BCE)	*-A-F-N-R-*	any	adult	free	native	resident	any	1																																			0																																																					
Slaves	servi	Roman Empire (Greek East)	High Roman Empire (135–205 CE)	*-*-E-*-R-L	any	any	enslaved	any	resident	low	1																		0																																																																						
Women;Wives	gynē	Hellenistic Macedon	Hellenistic & Early Roman (165 BCE – 105 CE)	F-A-F-*-*-*	female	adult	free	unspecified	any	any	1																	0																																																																							
Slaves	doulos	Scythia	Hellenistic & Early Roman (165 BCE – 105 CE)	*-*-E-*-R-L	any	any	enslaved	any	resident	low	1																							0																																																																	
Women	gynaikes	Classical Greece	Classical (500–360 BCE)	F-A-*-*-*-*	female	adult	any	any	any	any	1								1																																																																																
Women	gynaikes	Classical Athens (the Thirty Tyrants)	Late Classical (354–165 BCE)	F-*-F-*-R-*	female	any	free	any	resident	any	1																																																	0																																							
Slaves;Foreigners		Classical Athens	Classical (500–360 BCE)	*-*-*-F-R-*	any	any	any	foreign	resident	any	1			1																																																																																					
Women	viduae	Early Roman Kingdom	Hellenistic & Early Roman (165 BCE – 105 CE)	F-A-F-*-R-*	female	adult	free	unspecified	resident	unspecified	1																														0																																																										
Women	gynaikes	Hellenistic Hierapolis	High Roman Empire (135–205 CE)	F-*-*-*-*-*	female	any	any	unspecified	any	any	1														0																																																																										
Slaves	servus	Archaic Rome	High Roman Empire (135–205 CE)	*-*-E-*-R-L	any	any	enslaved	any	resident	low	1																																																													0																											
Sailors	nautai	Classical Greece	Late Classical (354–165 BCE)	M-A-*-*-R-L	male	adult	any	unspecified	resident	low	1			0																																																																																					
Women;Minors;Artisans	auletrīs	Roman Empire	High Roman Empire (135–205 CE)	F-A-*-*-R-L	female	adult	any	unspecified	resident	low	1																	0																																																																							
Women;Nobles		Classical Athens	Hellenistic & Early Roman (165 BCE – 105 CE)	F-*-F-N-R-*	female	any	free	native	resident	any	1																																		1																																																						
Women;Heirs	epiklēros	Classical Athens	Late Classical (354–165 BCE)	F-*-F-N-R-H	female	any	free	native	resident	high	1								1																																																																																
Priests;Women	virgines Vestales	Middle Roman Republic	Hellenistic & Early Roman (165 BCE – 105 CE)	F-*-F-N-R-*	female	any	free	native	resident	any	1											0																																																																													
Romans	Romani	Roman Republic	Hellenistic & Early Roman (165 BCE – 105 CE)	*-*-F-N-*-*	any	any	free	native	any	any	1																																																			0																																					
Romans;Magistrates	propraetor/proconsul	Roman Republic	Hellenistic & Early Roman (165 BCE – 105 CE)	M-A-F-N-N-H	male	adult	free	native	non_resident	high	1																					1																																																																			
Sailors	nautai	Classical Athens	Late Classical (354–165 BCE)	M-A-*-*-*-L	male	adult	any	any	any	low	1																							0																																																																	
Women;Heirs	epiklēros	Classical Athens	Classical (500–360 BCE)	F-*-F-N-R-*	female	any	free	native	resident	any	1															1																																																																									
Scythians	Skythai	Classical Athens	Classical (500–360 BCE)	*-*-*-F-R-*	any	any	any	foreign	resident	unspecified	1	1																																																																																							
Slaves	doulos	Archaic Athens (Solonic)	Late Classical (354–165 BCE)	*-*-E-*-R-L	any	any	enslaved	any	resident	low	1																														0																																																										
Scythians;Soldiers	toxotai	Classical Athens	Classical (500–360 BCE)	M-A-E-F-R-L	male	adult	enslaved	foreign	resident	low	1																																								1																																																
Women;Citizens	astē	Classical Athens	Classical (500–360 BCE)	F-*-F-N-R-*	female	any	free	native	resident	any	1																														1																																																										
Slaves	doulos	Archaic Athens	Hellenistic & Early Roman (165 BCE – 105 CE)	*-*-E-*-R-L	any	any	enslaved	any	resident	low	1																																																																																0								
Women	mulieres	Republican Rome	High Roman Empire (135–205 CE)	F-*-F-*-R-*	female	any	free	any	resident	any	1																																																													0																											
Slaves	doulos	Archaic Athens (Solonic)	Classical (500–360 BCE)	*-*-E-*-R-L	any	any	enslaved	any	resident	low	1		1																																																																																						
Priests	pontifex maximus	Middle Roman Republic	Hellenistic & Early Roman (165 BCE – 105 CE)	M-A-F-N-R-H	male	adult	free	native	resident	high	1																								0																																																																
Women	gynaikes	Naucratis	High Roman Empire (135–205 CE)	F-*-F-*-R-*	female	any	free	any	resident	any	1																																							0																																																	
Women	gynaikes	Mytilene	Late Classical (354–165 BCE)	F-*-*-*-R-*	female	any	any	unspecified	resident	any	1																														0																																																										
Slaves;Foreigners		Classical Athens	Late Classical (354–165 BCE)	*-*-*-F-R-*	any	any	any	foreign	resident	unspecified	1																																																				1																																				
The poor;Artisans	misthōtoi	Classical Athens	Late Classical (354–165 BCE)	*-A-F-*-R-L	any	adult	free	unspecified	resident	low	1	0																																																																																							
Women	gunaikes	Chalcidice	Late Classical (354–165 BCE)	F-*-F-N-R-*	female	any	free	native	resident	any	1															1																																																																									
The poor	penētes	Archaic Athens (Pre-Solonic)	Late Classical (354–165 BCE)	*-A-F-N-R-L	any	adult	free	native	resident	low	1																																																									0																															
The multitude	hoi pentakischilioi	Classical Athens (The Five Thousand)	Classical (500–360 BCE)	M-A-F-N-R-M	male	adult	free	native	resident	middle	1																																												1																																												
The multitude	mesoi	Classical Greece	Late Classical (354–165 BCE)	*-A-F-*-R-M	any	adult	free	any	resident	middle	1	1																																																																																							
The multitude	damos	Crete	Late Classical (354–165 BCE)	*-A-F-N-R-M	any	adult	free	native	resident	middle	1	0																																																																																							
The wealthy	kektemenoi	League of Corinth	Late Classical (354–165 BCE)	*-A-F-*-*-M	any	adult	free	unspecified	unspecified	middle	1										1																																																																														
The wealthy	locupletes	Late Roman Republic	Hellenistic & Early Roman (165 BCE – 105 CE)	*-A-F-*-*-H	any	adult	free	unspecified	any	high	1										0																																																																														
The wealthy	plousioi	Hellenistic Greek states	Hellenistic & Early Roman (165 BCE – 105 CE)	*-A-F-*-R-H	any	adult	free	any	resident	high	1							0																																																																																	
The multitude	damos	Sparta	Late Classical (354–165 BCE)	M-A-F-N-R-L	male	adult	free	native	resident	low	1												1																																																																												
The multitude;Citizens	plēthos	Classical Athens	Late Classical (354–165 BCE)	M-A-F-N-R-L	male	adult	free	native	resident	low	1													1																																																																											
The poor	penētes	Ambracia	Late Classical (354–165 BCE)	*-*-F-*-R-L	any	any	free	unspecified	resident	low	1	0																																																																																							
The poor	apori	Archaic Athens (Peisistratid)	Late Classical (354–165 BCE)	*-*-F-*-R-L	any	any	free	unspecified	resident	low	1																																				1																																																				
The wealthy	plousioi	Classical Syracuse	Late Classical (354–165 BCE)	*-*-F-*-R-H	any	any	free	unspecified	resident	high	1										0																																																																														
The poor	dlt	Carthage	Late Classical (354–165 BCE)	*-A-F-*-R-L	any	adult	free	unspecified	resident	low	1																																						0																																																		
Slaves;Foreigners;Women		Classical Athens	Classical (500–360 BCE)	*-*-*-*-R-*	any	any	any	any	resident	any	1					1																																																																																			
The wealthy	plousioi	Classical Sicily (under Charondas' laws)	Late Classical (354–165 BCE)	*-A-F-*-R-H	any	adult	free	any	resident	high	1													0																																																																											
The wealthy	plousioi	Classical Greece (Oligarchical)	Late Classical (354–165 BCE)	*-A-F-*-R-H	any	adult	free	unspecified	resident	high	1																			0																																																																					
The wealthy	plousioi	Classical Athens (the Thirty Tyrants)	Late Classical (354–165 BCE)	*-A-F-*-R-H	any	adult	free	unspecified	resident	high	1																				0																																																																				
The poor	aporoi	Classical Greece (Oligarchical)	Late Classical (354–165 BCE)	*-A-F-*-R-L	any	adult	free	unspecified	resident	low	1												0																																																																												
The wealthy	plousioi	Archaic Athens (Solonic)	Classical (500–360 BCE)	*-A-F-*-R-H	any	adult	free	unspecified	resident	high	1																																1																																																								
The wealthy	pentakosiomedimnoi	Archaic Athens (Draconian)	Late Classical (354–165 BCE)	M-A-F-N-R-H	male	adult	free	native	resident	high	1	1																																																																																							
The poor	pauperes	Early Roman Kingdom	Hellenistic & Early Roman (165 BCE – 105 CE)	*-*-F-*-R-L	any	any	free	unspecified	resident	low	1																																					1																																																			
The poor	pauperes	Early Roman Republic	Hellenistic & Early Roman (165 BCE – 105 CE)	*-*-F-*-R-L	any	any	free	unspecified	resident	low	1										0																																																																														
The poor	humiliores	Roman Empire	Hellenistic & Early Roman (165 BCE – 105 CE)	*-*-F-*-R-L	any	any	free	any	resident	low	1		0																																																																																						
The poor	penētes	Roman Empire (Greek East)	High Roman Empire (135–205 CE)	*-*-*-*-*-L	any	any	any	any	any	low	1																			1																																																																					
The poor	penetes	Sicyon	Hellenistic & Early Roman (165 BCE – 105 CE)	*-*-F-*-R-L	any	any	free	any	resident	low	1						1																																																																																		
The wealthy	divites	Roman Empire	High Roman Empire (135–205 CE)	*-*-F-*-*-H	any	any	free	unspecified	any	high	1																														1																																																										
The wealthy		Sparta	Hellenistic & Early Roman (165 BCE – 105 CE)	*-A-F-*-R-H	any	adult	free	unspecified	resident	high	1																																					0																																																			
The multitude	Argeioi	Argos	Hellenistic & Early Roman (165 BCE – 105 CE)	*-*-F-N-R-*	any	any	free	native	resident	any	1																															0																																																									
The multitude		Archaic Athens	Late Classical (354–165 BCE)	*-*-F-N-R-L	any	any	free	native	resident	low	1																									0																																																															
Slaves;Soldiers	aichmalōtos	Classical Sparta	Classical (500–360 BCE)	*-*-E-F-R-L	any	any	enslaved	foreign	resident	low	1		1																																																																																						
Slaves;Soldiers	captivi	Middle Roman Republic	Hellenistic & Early Roman (165 BCE – 105 CE)	*-*-E-F-R-L	any	any	enslaved	foreign	resident	low	1						1																																																																																		
Soldiers	zeugitai	Archaic Athens (Draconian)	Late Classical (354–165 BCE)	M-A-F-N-R-M	male	adult	free	native	resident	middle	1																			1																																																																					
The poor	penētes	Thurii	Late Classical (354–165 BCE)	*-*-F-*-R-L	any	any	free	unspecified	resident	low	1																					0																																																																			
Soldiers	stratiōtai	Classical Athens	High Roman Empire (135–205 CE)	M-A-F-*-*-*	male	adult	free	unspecified	unspecified	any	1																							1																																																																	
Soldiers	milites	Middle Roman Republic	Hellenistic & Early Roman (165 BCE – 105 CE)	M-A-F-*-*-*	male	adult	free	any	any	any	1						1																																																																																		
Soldiers	stratiōtai	Seleucid Empire	High Roman Empire (135–205 CE)	M-A-F-*-R-*	male	adult	free	unspecified	resident	any	1																																						1																																																		
Soldiers	misthophoroi	Syracuse	Classical (500–360 BCE)	M-A-F-F-R-M	male	adult	free	foreign	resident	middle	1																		1																																																																						
Women	gynaikes	Byblos (Syria)	High Roman Empire (135–205 CE)	F-A-F-*-*-*	female	adult	free	any	any	any	1																																	0																																																							
Soldiers;Magistrates	stratēgoi	Classical Athens	Classical (500–360 BCE)	M-A-F-N-R-*	male	adult	free	native	resident	any	1				0																																																																																				
Soldiers;Magistrates	stratēgos	Thurii	Late Classical (354–165 BCE)	M-A-F-N-R-*	male	adult	free	native	resident	any	1																										0																																																														
Spartans	Spartiatai	Archaic Sparta	Hellenistic & Early Roman (165 BCE – 105 CE)	M-*-F-N-R-*	male	any	free	native	resident	any	1								0																																																																																
Spartans	Lakedaimonioi	Classical Sparta	Hellenistic & Early Roman (165 BCE – 105 CE)	M-*-F-N-R-*	male	any	free	native	resident	any	1																									1																																																															
Spartans;Citizens	homoioi	Classical Sparta	Hellenistic & Early Roman (165 BCE – 105 CE)	M-A-F-N-R-M	male	adult	free	native	resident	middle	1																1																																																																								
Women	gynaikes	Archaic Athens (Solonic)	Late Classical (354–165 BCE)	F-*-F-N-R-*	female	any	free	native	resident	unspecified	1														0																																																																										
Spartans;Citizens	homoioi	Classical Sparta	High Roman Empire (135–205 CE)	M-A-F-N-R-M	male	adult	free	native	resident	middle	1																																							1																																																	
Women	gynaikes	Ancient Olympia	High Roman Empire (135–205 CE)	F-A-F-*-*-*	female	adult	free	any	any	any	1																																													0																																											
The wealthy;Women		Classical Athens	Late Classical (354–165 BCE)	F-A-F-*-R-H	female	adult	free	unspecified	resident	high	1																																	1																																																							
The wealthy;Nobles	gnōrimoi	Classical Athens	Late Classical (354–165 BCE)	M-A-F-N-R-H	male	adult	free	native	resident	high	1																																										0																																														
The wealthy;Nobles	eupatridai	Archaic Athens (Pre-Solonic)	Late Classical (354–165 BCE)	M-A-F-N-R-H	male	adult	free	native	resident	high	1												1																																																																												
The educated	paideia	Classical Athens	Classical (500–360 BCE)	*-M-F-*-R-*	any	minor	free	unspecified	resident	any	1																											1																																																													
The educated	pepaideumenoi	Hellenistic Athens	Hellenistic & Early Roman (165 BCE – 105 CE)	*-A-F-*-R-*	any	adult	free	unspecified	resident	any	1																																							1																																																	
The wealthy;Citizens	homoioi	Classical Sparta	Classical (500–360 BCE)	M-A-F-N-R-H	male	adult	free	native	resident	high	1																																									1																																															
Artisans	athlētai	Ancient Greece	Hellenistic & Early Roman (165 BCE – 105 CE)	M-*-F-N-*-*	male	any	free	native	any	any	1						1																																																																																		
Nobles	gnōrimoi	Archaic Corinth	Late Classical (354–165 BCE)	M-A-F-N-R-H	male	adult	free	native	resident	high	1											0																																																																													
Poets;Magistrates	nomothetai	Classical Greece	Classical (500–360 BCE)	M-A-F-N-R-*	male	adult	free	native	resident	any	1																																													1																																											
Poets	rhapsōdos	Classical Athens	Classical (500–360 BCE)	M-A-F-*-R-L	male	adult	free	any	resident	low	1														1																																																																										
Foreigners	peregrini	Middle Roman Republic	Hellenistic & Early Roman (165 BCE – 105 CE)	*-*-*-F-*-*	any	any	any	foreign	any	any	1			1																																																																																					
Foreigners	metoikos	Mantineia	Hellenistic & Early Roman (165 BCE – 105 CE)	*-A-F-F-R-*	any	adult	free	foreign	resident	any	1			1																																																																																					
Foreigners	barbaroi	Macedonia	Late Classical (354–165 BCE)	*-*-*-F-R-L	any	any	any	foreign	resident	low	1						0																																																																																		
Foreigners	xenoi	Hellenistic Greece	Hellenistic & Early Roman (165 BCE – 105 CE)	*-*-F-F-R-*	any	any	free	foreign	resident	any	1			1																																																																																					
Foreigners	peregrini	Early Roman Kingdom	Hellenistic & Early Roman (165 BCE – 105 CE)	*-*-F-F-R-*	any	any	free	foreign	resident	any	1																																																1																																								
Foreigners	xenoi	Classical Sparta	Hellenistic & Early Roman (165 BCE – 105 CE)	*-*-F-F-R-*	any	any	free	foreign	resident	any	1																																					0																																																			
Foreigners	metoikos	Classical Greece	Late Classical (354–165 BCE)	*-*-F-F-R-*	any	any	free	foreign	resident	any	1			0																																																																																					
Foreigners		Archaic Athens	Late Classical (354–165 BCE)	*-*-F-M-R-*	any	any	free	mixed	resident	any	1			0																																																																																					
Foreigners	metoikos	Aegina	Classical (500–360 BCE)	*-A-F-F-R-*	any	adult	free	foreign	resident	any	1																																																	1																																							
Foreigners	xenos	Acragas	High Roman Empire (135–205 CE)	*-*-F-F-R-*	any	any	free	foreign	resident	any	1																												1																																																												
Exiles;Nobles	phygiades	Syracuse	Classical (500–360 BCE)	M-A-F-N-N-H	male	adult	free	native	non_resident	high	1																		0																																																																						
Exiles;Citizens	ostrakisthentes	Classical Athens	Late Classical (354–165 BCE)	M-A-F-N-N-*	male	adult	free	native	non_resident	any	1																								0																																																																
Exiles	phygas	Syracuse	Classical (500–360 BCE)	*-*-F-N-N-*	any	any	free	native	non_resident	any	1								1																																																																																
Exiles	katephthēsan	Classical Athens	Classical (500–360 BCE)	M-A-F-N-R-*	male	adult	free	native	resident	any	1								1																																																																																
Elders;Priests	presbyteros	Early Christian Church	Hellenistic & Early Roman (165 BCE – 105 CE)	M-E-F-*-R-*	male	elder	free	any	resident	unspecified	1				1																																																																																				
Foreigners	metoikos	Oropus	Classical (500–360 BCE)	*-A-F-F-R-*	any	adult	free	foreign	resident	any	1																													0																																																											
Foreigners	peregrini	Roman Empire	Hellenistic & Early Roman (165 BCE – 105 CE)	*-*-F-F-R-*	any	any	free	foreign	resident	any	1			1																																																																																					
Foreigners		Roman Empire	High Roman Empire (135–205 CE)	*-*-*-*-N-*	any	any	any	any	non_resident	any	1																																								0																																																
Greeks	Tarentini	Middle Roman Republic	Hellenistic & Early Roman (165 BCE – 105 CE)	*-*-*-F-*-*	any	any	any	foreign	any	any	1						0																																																																																		
Heirs;Women	gnēsiai	Classical Athens	Classical (500–360 BCE)	F-*-F-N-R-*	female	any	free	native	resident	any	1																														0																																																										
Heirs;Minors	gnēsios	Salamis (Cyprus)	Classical (500–360 BCE)	*-*-F-N-*-*	any	any	free	native	unspecified	unspecified	1															1																																																																									
Heirs;Magistrates		Classical Greece	Late Classical (354–165 BCE)	*-*-F-N-R-*	any	any	free	native	resident	unspecified	1	1																																																																																							
Heirs	clarissimi	Roman Empire	High Roman Empire (135–205 CE)	*-*-F-N-*-*	any	any	free	native	any	any	1															1																																																																									
Greeks;Citizens		Classical Athens	Hellenistic & Early Roman (165 BCE – 105 CE)	M-A-F-F-R-*	male	adult	free	foreign	resident	any	1																			1																																																																					
Greeks	Graeci	Roman Empire	Hellenistic & Early Roman (165 BCE – 105 CE)	*-*-*-F-*-*	any	any	unspecified	foreign	any	any	1	0																																																																																							
Greeks	Mantineis	Mantineia	Hellenistic & Early Roman (165 BCE – 105 CE)	*-*-F-N-R-*	any	any	free	native	resident	any	1						0																																																																																		
Foreigners	xenoi	Sicyon	Hellenistic & Early Roman (165 BCE – 105 CE)	*-*-F-F-R-*	any	any	free	foreign	resident	any	1								0																																																																																
Greeks	Hellēnes	Hellenistic Greece	Hellenistic & Early Roman (165 BCE – 105 CE)	*-*-*-N-*-*	any	any	any	native	any	any	1																																																		0																																						
Greeks	Delphoi	Delphi	High Roman Empire (135–205 CE)	*-*-*-N-R-*	any	any	any	native	resident	any	1																																				1																																																				
Greeks	hellēnes	Classical Athens	Classical (500–360 BCE)	*-*-*-N-*-*	any	any	any	native	any	any	1																																																														0																										
Foreigners	metoikos	Thurii	Late Classical (354–165 BCE)	*-*-F-F-R-*	any	any	free	foreign	resident	any	1																												0																																																												
Foreigners	Tarseis	Tarsus	High Roman Empire (135–205 CE)	*-*-*-N-R-*	any	any	any	native	resident	any	1																													1																																																											
Foreigners	metoikoi	Syracuse	Classical (500–360 BCE)	*-*-F-F-R-*	any	any	free	foreign	resident	any	1								0																																																																																
Elders	senes	Roman Empire	High Roman Empire (135–205 CE)	*-E-*-*-*-*	any	elder	any	unspecified	any	any	1																					1																																																																			
Elders	gerontes	Classical Athens	Late Classical (354–165 BCE)	*-E-*-*-*-*	any	elder	any	unspecified	any	any	1					1																																																																																			
Citizens;Soldiers	homoios	Classical Sparta	Classical (500–360 BCE)	M-A-F-N-R-*	male	adult	free	native	resident	any	1																								0																																																																
Citizens	Achaioi	Achaean League	Hellenistic & Early Roman (165 BCE – 105 CE)	M-A-F-N-R-*	male	adult	free	native	resident	any	1																										0																																																														
Citizens	politai	Classical Athens (Cleisthenic)	Late Classical (354–165 BCE)	M-A-F-N-R-*	male	adult	free	native	resident	any	1																																												1																																												
Citizens	m' rtm	Carthage	Late Classical (354–165 BCE)	M-A-F-N-R-*	male	adult	free	native	resident	any	1					1																																																																																			
Citizens	Spartiatai	Archaic Sparta	Hellenistic & Early Roman (165 BCE – 105 CE)	M-A-F-N-R-*	male	adult	free	native	resident	any	1																																					1																																																			
Citizens	politēs	Archaic Athens (Solonic)	Classical (500–360 BCE)	M-A-F-N-R-*	male	adult	free	native	resident	any	1																							0																																																																	
Citizens	agroikoi	Archaic Athens (Peisistratid)	Late Classical (354–165 BCE)	M-A-F-N-R-*	male	adult	free	native	resident	any	1																																															1																																									
Citizens	enageis	Archaic Athens	Late Classical (354–165 BCE)	*-*-F-N-R-*	any	any	free	native	resident	any	1																												0																																																												
Christians	hairetikos	Early Christian Community	Hellenistic & Early Roman (165 BCE – 105 CE)	*-A-*-*-*-*	any	adult	any	any	any	any	1			0																																																																																					
Citizens	politēs	Classical Athens (Solonic)	Late Classical (354–165 BCE)	M-A-F-N-R-*	male	adult	free	native	resident	any	1																																																									1																															
Artisans;Soldiers		Ancient Egypt	Classical (500–360 BCE)	M-A-F-N-R-M	male	adult	free	native	resident	middle	1																									0																																																															
Artisans	geōrgoi	Thessaly	Late Classical (354–165 BCE)	*-A-*-*-R-*	any	adult	any	unspecified	resident	any	1																																																											0																													
Artisans	emporoi	Thebes	Late Classical (354–165 BCE)	*-A-F-*-*-M	any	adult	free	unspecified	any	middle	1	0																																																																																							
Artisans	ergatēs	Early Christian Church	Hellenistic & Early Roman (165 BCE – 105 CE)	*-A-*-*-*-L	any	adult	any	any	any	low	1																		1																																																																						
Artisans	banausos	Classical Thebes	Late Classical (354–165 BCE)	*-A-F-*-R-M	any	adult	free	any	resident	middle	1												0																																																																												
Artisans	technitai	Classical Greece	High Roman Empire (135–205 CE)	*-A-F-*-R-*	any	adult	free	unspecified	resident	any	1								1																																																																																
Citizens	politēs	Classical Athens (Eleusis)	Late Classical (354–165 BCE)	M-A-F-N-R-*	male	adult	free	native	resident	any	1																																																		1																																						
Citizens	politai	Classical Athens (The Four Hundred)	Classical (500–360 BCE)	M-A-F-N-R-H	male	adult	free	native	resident	high	1			1																																																																																					
Citizens;Nobles	gnorimoi	Classical Athens	Late Classical (354–165 BCE)	M-A-F-N-R-H	male	adult	free	native	resident	high	1																												0																																																												
Citizens	politēs	Oreus	Late Classical (354–165 BCE)	M-A-F-N-R-*	male	adult	free	native	resident	any	1																			1																																																																					
Citizens;Nobles	gnorimoi	Classical Athens	Hellenistic & Early Roman (165 BCE – 105 CE)	M-A-F-N-R-H	male	adult	free	native	resident	high	1																																										0																																														
Citizens;Magistrates	en tei dēmousiai	Classical Athens	Late Classical (354–165 BCE)	M-A-F-N-R-*	male	adult	free	native	resident	any	1																																				1																																																				
Citizens;Greeks	politai	Roman Empire	Hellenistic & Early Roman (165 BCE – 105 CE)	M-A-F-N-R-*	male	adult	free	native	resident	any	1																																																		1																																						
Citizens	Athenaioi	Syracuse	Classical (500–360 BCE)	*-*-F-N-R-*	any	any	free	native	resident	any	1											1																																																																													
Citizens		Scythia	High Roman Empire (135–205 CE)	M-A-F-N-R-*	male	adult	free	native	resident	any	1																	1																																																																							
Citizens	cives Romani	Roman Empire	High Roman Empire (135–205 CE)	M-A-F-M-*-*	male	adult	free	mixed	any	any	1															1																																																																									
Citizens	politēs	Mytilene	Late Classical (354–165 BCE)	M-A-F-N-R-*	male	adult	free	native	resident	any	1																							1																																																																	
Citizens	hoi pentakischilioi	Classical Athens (the Five Thousand)	Late Classical (354–165 BCE)	M-A-F-N-R-M	male	adult	free	native	resident	middle	1				1																																																																																				
Citizens	politēs	Locri (Epizephyrian)	Late Classical (354–165 BCE)	M-A-F-N-R-*	male	adult	free	native	resident	any	1																																					0																																																			
Citizens	Athēnaios	Hellenistic Macedon	Hellenistic & Early Roman (165 BCE – 105 CE)	M-A-F-F-*-*	male	adult	free	foreign	any	any	1						1																																																																																		
Citizens	politēs	Delphic Amphictyonic League	Late Classical (354–165 BCE)	M-A-F-N-R-*	male	adult	free	native	resident	any	1				1																																																																																				
Citizens	pheugōn	Cyme	Late Classical (354–165 BCE)	*-A-F-*-R-*	any	adult	free	unspecified	resident	any	1		0																																																																																						
Citizens	politai	Classical Thebes	Hellenistic & Early Roman (165 BCE – 105 CE)	M-A-F-N-R-*	male	adult	free	native	resident	any	1		1																																																																																						
Citizens	politēs	Classical Greece	Classical (500–360 BCE)	M-A-F-N-R-*	male	adult	free	native	resident	any	1											0																																																																													
Jews;Priests	Lewi	Second Temple Judea	Hellenistic & Early Roman (165 BCE – 105 CE)	M-A-F-N-R-*	male	adult	free	native	resident	unspecified	1																																																																																								1
Kings	tyrannos	Argos	Hellenistic & Early Roman (165 BCE – 105 CE)	M-A-F-N-R-H	male	adult	free	native	resident	high	1										0																																																																														
Kings	archontes	Classical Athens	Classical (500–360 BCE)	M-A-F-N-R-*	male	adult	free	native	resident	any	1																																			0																																																					
Minors;Nobles;Men	iuvenes	Roman Empire	Hellenistic & Early Roman (165 BCE – 105 CE)	M-A-F-N-*-H	male	adult	free	native	any	high	1																																	1																																																							
Nobles	eupatridai	Classical Greece	Late Classical (354–165 BCE)	*-*-F-N-R-H	any	any	free	native	resident	high	1	1																																																																																							
Artisans		Archaic Athens (Solonic)	Late Classical (354–165 BCE)	*-A-*-*-R-*	any	adult	any	unspecified	resident	unspecified	1											0																																																																													
Nobles	azata	Achaemenid Empire	Hellenistic & Early Roman (165 BCE – 105 CE)	*-A-F-N-*-H	any	adult	free	native	any	high	1																							1																																																																	
Minors;Slaves	oikogenes	Classical Athens	Classical (500–360 BCE)	*-M-E-*-R-L	any	minor	enslaved	any	resident	low	1						0																																																																																		
Minors;Sick		Classical Greece	Late Classical (354–165 BCE)	*-M-*-*-R-*	any	minor	unspecified	unspecified	resident	unspecified	1											0																																																																													
Minors;Orphans	orphanoi	Classical Athens	Late Classical (354–165 BCE)	*-M-F-N-R-*	any	minor	free	native	resident	unspecified	1																																				1																																																				
Minors;Men	iuventus	Roman Empire	Hellenistic & Early Roman (165 BCE – 105 CE)	M-A-*-*-*-*	male	adult	any	unspecified	any	any	1																																	1																																																							
Nobles	philoi	Hellenistic Macedon	Hellenistic & Early Roman (165 BCE – 105 CE)	*-A-F-*-R-H	any	adult	free	unspecified	resident	high	1																				0																																																																				
Minors;Heirs		Classical Athens	Late Classical (354–165 BCE)	M-*-F-N-R-*	male	any	free	native	resident	any	1	0																																																																																							
Minors;Heirs	poiētoi	Classical Athens	Classical (500–360 BCE)	*-*-F-*-R-*	any	any	free	any	resident	any	1																																																								0																																
Minors;Foreigners	nothoi	Classical Athens	Late Classical (354–165 BCE)	*-*-F-M-R-*	any	any	free	mixed	resident	unspecified	1			0																																																																																					
Minors;Foreigners	nothoi	Classical Athens	Classical (500–360 BCE)	*-*-F-M-R-*	any	any	free	mixed	resident	any	1			0																																																																																					
Minors;Citizens	nothos	Classical Athens	Late Classical (354–165 BCE)	*-*-F-M-R-*	any	any	free	mixed	resident	unspecified	1			0																																																																																					
Minors	parthenoi kai eirēnes	Sparta	Hellenistic & Early Roman (165 BCE – 105 CE)	*-M-F-N-R-*	any	minor	free	native	resident	any	1																																													1																																											
Nobles	homoioi	Classical Sparta	Late Classical (354–165 BCE)	M-A-F-N-R-H	male	adult	free	native	resident	high	1																																																1																																								
Nobles	eugeneis	Hierapolis (Syria)	High Roman Empire (135–205 CE)	*-A-F-N-R-H	any	adult	free	native	resident	high	1																										1																																																														
Minors	paides	Macedonia	Classical (500–360 BCE)	*-M-F-N-R-*	any	minor	free	native	resident	any	1	0																																																																																							
Orphans	pueri orbitati	Roman Empire	Hellenistic & Early Roman (165 BCE – 105 CE)	*-M-F-*-R-*	any	minor	free	any	resident	unspecified	1		0																																																																																						
Physicians	iatroi	Classical Athens	Classical (500–360 BCE)	*-A-F-*-R-*	any	adult	free	any	resident	any	1																																1																																																								
Philosophers;Magistrates	rhētores	Classical Athens	Classical (500–360 BCE)	M-A-F-N-R-*	male	adult	free	native	resident	any	1					1																																																																																			
Philosophers	philosophoi	Hellenistic Athens	High Roman Empire (135–205 CE)	*-A-F-*-R-*	any	adult	free	any	resident	any	1																												0																																																												
Philosophers	rhētōres	Classical Athens	Late Classical (354–165 BCE)	M-A-F-N-R-*	male	adult	free	native	resident	any	1					1																																																																																			
Other	hiketēs	Classical Sparta	Classical (500–360 BCE)	*-*-*-*-R-*	any	any	unspecified	any	resident	any	1																	1																																																																							
Orphans;Soldiers	orphanoi	Classical Athens	Late Classical (354–165 BCE)	*-M-F-N-R-L	any	minor	free	native	resident	low	1																															1																																																									
Orphans	orphanoi	Classical Athens	Late Classical (354–165 BCE)	*-M-F-N-R-*	any	minor	free	native	resident	any	1		1																																																																																						
Nobles	nobiles	Late Roman Republic	Hellenistic & Early Roman (165 BCE – 105 CE)	*-A-F-N-*-H	any	adult	free	native	any	high	1																										1																																																														
Nobles;Men	eugeneis	Ionia and Pontus	High Roman Empire (135–205 CE)	M-A-F-N-R-H	male	adult	free	native	resident	high	1																					1																																																																			
Nobles;Heirs	ebigoni	Classical Athens	Hellenistic & Early Roman (165 BCE – 105 CE)	*-*-F-N-R-*	any	any	free	native	resident	any	1																																				1																																																				
Nobles	homoioi	Sparta	Late Classical (354–165 BCE)	M-A-F-N-R-H	male	adult	free	native	resident	high	1																																			1																																																					
Nobles	aristoi	Sicyon	Hellenistic & Early Roman (165 BCE – 105 CE)	*-*-F-N-R-H	any	any	free	native	resident	high	1	1																																																																																							
Nobles	nobiles	Roman Empire	Hellenistic & Early Roman (165 BCE – 105 CE)	*-A-F-N-*-H	any	adult	free	native	any	high	1	1																																																																																							
Nobles	gnōrimoi	Megara	Late Classical (354–165 BCE)	M-A-F-N-R-H	male	adult	free	native	resident	high	1																																					0																																																			
Minors	impuberes/minores	Roman Republic	Hellenistic & Early Roman (165 BCE – 105 CE)	*-M-*-*-*-*	any	minor	any	unspecified	any	unspecified	1																																																																				0																				
Minors	paides	Classical Athens (the Four Hundred)	Late Classical (354–165 BCE)	*-M-F-*-R-*	any	minor	free	unspecified	resident	any	1																																																0																																								
Kings		Mythological / legendary setting	Classical (500–360 BCE)	*-*-F-N-*-H	any	any	free	native	any	high	1																																						1																																																		
Magistrates	tribunus plebis	Middle Roman Republic	Hellenistic & Early Roman (165 BCE – 105 CE)	M-A-F-N-R-*	male	adult	free	native	resident	any	1																1																																																																								
Men	anēr	Archaic Athens (Solonic)	Late Classical (354–165 BCE)	M-A-*-*-*-*	male	adult	any	any	any	any	1			0																																																																																					
Men		Aegina	Classical (500–360 BCE)	M-A-F-*-R-*	male	adult	free	unspecified	resident	any	1																																																								1																																
Magistrates;Kings	archōn basileus	Classical Athens	Classical (500–360 BCE)	M-A-F-N-R-*	male	adult	free	native	resident	any	1														1																																																																										
Magistrates	gerousia	Sparta	Late Classical (354–165 BCE)	M-E-F-N-R-*	male	elder	free	native	resident	any	1																									1																																																															
Magistrates	senatores	Roman Republic	Hellenistic & Early Roman (165 BCE – 105 CE)	M-E-F-N-R-H	male	elder	free	native	resident	high	1				1																																																																																				
Magistrates	procurator	Roman Empire	High Roman Empire (135–205 CE)	M-A-F-*-R-M	male	adult	free	unspecified	resident	middle	1									1																																																																															
Magistrates	rhētor kai stratēgos	Classical Greece	Classical (500–360 BCE)	M-A-F-N-R-H	male	adult	free	native	resident	high	1	1																																																																																							
Men	andres	Hellenistic Hierapolis	High Roman Empire (135–205 CE)	M-*-*-*-*-*	male	any	any	unspecified	any	any	1																																													1																																											
Magistrates	archontes	Classical Athens (the Four Hundred)	Late Classical (354–165 BCE)	M-A-F-N-R-H	male	adult	free	native	resident	high	1									0																																																																															
Magistrates	phylakes	Classical Athens (Platonic Republic)	Late Classical (354–165 BCE)	*-A-F-N-R-*	any	adult	free	native	resident	unspecified	1																														0																																																										
Magistrates	archontes	Archaic Athens (Solonic)	High Roman Empire (135–205 CE)	M-A-F-N-R-H	male	adult	free	native	resident	high	1	1																																																																																							
Macedonians;Kings	basileus	Macedonian Empire	Hellenistic & Early Roman (165 BCE – 105 CE)	M-A-F-N-*-H	male	adult	free	native	any	high	1																																																			1																																					
Kings;Nobles	Agidai kai Eurypontidai	Classical Sparta	Hellenistic & Early Roman (165 BCE – 105 CE)	M-*-F-N-R-H	male	any	free	native	resident	high	1																																						1																																																		
Kings	basileis	Non-Greek states	Late Classical (354–165 BCE)	M-A-F-*-R-H	male	adult	free	unspecified	resident	high	1																																						1																																																		
Men	andres	Classical Greece	Classical (500–360 BCE)	M-A-*-*-*-*	male	adult	any	any	any	any	1				1																																																																																				
Men	anēr	Sparta	Hellenistic & Early Roman (165 BCE – 105 CE)	M-A-F-N-R-*	male	adult	free	native	resident	any	1			0																																																																																					
Minors	iuvenes	Archaic Rome	High Roman Empire (135–205 CE)	*-M-F-*-R-*	any	minor	free	any	resident	any	1																																																													0																											
Men;Heirs	filii familias	Early Roman Kingdom	Hellenistic & Early Roman (165 BCE – 105 CE)	M-A-F-N-R-*	male	adult	free	native	resident	unspecified	1						1																																																																																		
Men;Women		Hellenistic Hierapolis	High Roman Empire (135–205 CE)	*-A-F-*-*-*	any	adult	free	unspecified	any	any	1																																	0																																																							
Men;Soldiers	ephēbos	High Empire Athens	High Roman Empire (135–205 CE)	M-A-F-N-R-*	male	adult	free	native	resident	any	1																																									0																																															
Men;Nobles	eupatridai	Classical Athens	Classical (500–360 BCE)	M-A-F-N-R-H	male	adult	free	native	resident	high	1	1																																																																																							
Men;Minors	paides	Sparta	Hellenistic & Early Roman (165 BCE – 105 CE)	M-M-F-N-R-*	male	minor	free	native	resident	unspecified	1																							0																																																																	
Men;Minors	paides	Classical Athens	Classical (500–360 BCE)	M-M-F-N-R-*	male	minor	free	native	resident	any	1																											1																																																													
Men;Magistrates	dikastai	Classical Athens	Classical (500–360 BCE)	M-A-F-N-R-*	male	adult	free	native	resident	any	1									1																																																																															
Men;Heirs		Classical Athens	Late Classical (354–165 BCE)	M-A-F-*-R-*	male	adult	free	unspecified	resident	unspecified	1								1																																																																																
Men;Citizens	eleutheroi	Hellenistic Athens	Hellenistic & Early Roman (165 BCE – 105 CE)	M-A-F-*-R-*	male	adult	free	any	resident	any	1																							1																																																																	
Men;Greeks	Delphoi	Delphi	Late Classical (354–165 BCE)	M-A-F-N-R-*	male	adult	free	native	resident	any	1																									0																																																															
Men;Elders	gerontes	Classical Athens	High Roman Empire (135–205 CE)	M-E-F-N-R-*	male	elder	free	native	resident	any	1								1																																																																																
Men;Elders		Ancient Egypt	Classical (500–360 BCE)	M-E-F-*-R-*	male	elder	free	unspecified	resident	unspecified	1				1																																																																																				
Men;Citizens	eleutheroi	Syracuse	Classical (500–360 BCE)	M-A-F-*-R-*	male	adult	free	any	resident	any	1																							1																																																																	
Men;Citizens	liberi	Roman Empire	High Roman Empire (135–205 CE)	M-A-F-*-*-*	male	adult	free	unspecified	any	any	1																		1																																																																						
Men;Citizens	politai	Hellenistic Greek states	Hellenistic & Early Roman (165 BCE – 105 CE)	M-A-F-N-R-*	male	adult	free	native	resident	any	1	1																																																																																							
Women;Wives	gynē	Seleucid Empire	High Roman Empire (135–205 CE)	F-A-F-*-R-*	female	adult	free	unspecified	resident	any	1																																																																												0												
