archetype	emic_label	rule_polity	period	cell_sig	c_sex	c_age	c_ownership_status	c_ancestry	c_residence	c_wealth	n_rules	Right to a trial	Eligibility for public office	Deliberative authority	Right to citizenship	Speaking in the assembly	Personal liberty	Owning and retaining property	Protection from judicial torture	Participation in sacred rites	Pay for assembly or jury service	Immunity from prosecution	Eligibility for the archonship	Protection from private assault	Protection from execution without trial	Protection from capital punishment	Eligibility for jury service	Right to a dowry	Protection from penal corporal punishment	Voting in the assembly	Freedom of movement	Freedom from state supervision	Inheriting property	Retaining one's own earnings	Exemption from legal audit	Protection from property seizure	Freedom of choice in marriage	Exemption from liturgies	Right of residence	Eligibility for military command	Possession of arms	Enrollment in civic sub-units	Owning land	Protection from arbitrary banishment	Eligibility for public honors	Protection from arbitrary arrest	Eligibility for the kingship	Right to engage in business	Exemption from manual or agricultural labor	Access to common meals	Exemption from taxes	Proposing legislation	Local self-governance	Access to formal education	Access to public subsidies	Disposing of property by will	Exemption from military service	Resident allowance for the poor	Protection from slander	Testifying in court	Eligibility for the council	Right to marry a citizen	Access to physical training	Access to specialized courts	Access to sacred spaces	Right to adoption	Protection from enslavement for debt	Right to a share of an estate	Election of magistrates	Right to a public funeral	Right to consume wine	Access to the Agora	Right to legal personhood	Disposing of property	Right to a legal trial	Freedom of speech	Eligibility for military service	Right to a name	Right to marry	Right to bodily autonomy	Eligibility for diplomatic office	right to audit magistrates	Eligibility for priesthood	Right to attend public meals	Right to punish adultery	Priesthood
citizen_male	politēs	Classical Athens	Classical (500–360 BCE)	M-A-F-N-R-*	male	adult	free	native	resident	any	130	1	1	X	0	1		1	1	1	1	1	1		X	0	1			1			1	1	0	0	0	1	X		0	1		0	1	1		1			1	1		1		1	1	1	1	X	1		1	1		1		1		0								1							1	
citizen_male	politēs	Classical Athens	Late Classical (354–165 BCE)	M-A-F-N-R-*	male	adult	free	native	resident	any	126	1	1	1	0	X	0	1		X	1	0	1		1	0	1		0	1	0			1	0	0		0	1	1	1	1		0	0	1	1	X		0		1			1	0	X	1	1	1					0		1		1	1		0			1						1	1	0			
foreigner	xenos	Classical Athens	Late Classical (354–165 BCE)	*-*-F-F-R-*	any	any	free	foreign	resident	any	22	X			1		0						0			1						0	0									0	0					1		1	X				1							0	1	1									0													
slave	douloi	Classical Athens	Late Classical (354–165 BCE)	*-*-E-*-R-L	any	any	enslaved	any	resident	low	21	1		0	0		0		0					X		1								1									0																0	0																										
citizen_female	gynaikes	Classical Athens	Classical (500–360 BCE)	F-*-*-*-R-*	female	any	any	unspecified	resident	any	21					1		1		1		0		1		1		1			0		X				1											X													0																									
slave	douloi	Classical Athens	Classical (500–360 BCE)	*-*-E-*-R-L	any	any	enslaved	any	resident	low	20	1				0	0	1	0			1		0					0					0												1			0					0																																
foreigner	xenos	Classical Athens	Classical (500–360 BCE)	*-*-F-F-*-*	any	any	free	foreign	resident	any	14		X		1		0							1		1					0					0				1						1		0																																						
citizen_female	gynaikes	Classical Athens	Late Classical (354–165 BCE)	F-*-*-*-R-*	female	any	any	unspecified	resident	any	14	0		0				1						1				1				1					0																						0									0																		
citizen_male	homoios	Sparta	Late Classical (354–165 BCE)	M-A-F-N-R-H	male	adult	free	native	resident	high	9			1	1			1					1												1														1	1				1																																
citizen_male	politēs	Archaic Athens (Solonic)	Late Classical (354–165 BCE)	M-A-F-N-R-*	male	adult	free	native	resident	any	9	1	1		0								1												1																																1		1																	
citizen_male	consul	Middle Roman Republic	Hellenistic & Early Roman (165 BCE – 105 CE)	M-A-F-N-R-H	male	adult	free	native	resident	high	9		1	1			1					1			1						0									0					1																																									
citizen_male	homoios	Sparta	Hellenistic & Early Roman (165 BCE – 105 CE)	M-A-F-N-R-H	male	adult	free	native	resident	high	8				0			0											1			1																	1																											1	0									
citizen_male	politēs	Classical Athens	High Roman Empire (135–205 CE)	M-A-F-N-R-*	male	adult	free	native	resident	any	8							1			1						1		1	1										1	0													1																																
citizen_male	politēs	Classical Athens	Hellenistic & Early Roman (165 BCE – 105 CE)	M-A-F-N-R-*	male	adult	free	native	resident	any	7			1						1			1							1								1						0																																										
citizen_male	Eurypontidai	Classical Sparta	Hellenistic & Early Roman (165 BCE – 105 CE)	M-*-F-N-R-H	male	any	free	native	resident	high	6			1								1																									1		1																																					
foreigner	metoikos	Classical Athens	Hellenistic & Early Roman (165 BCE – 105 CE)	*-A-F-F-R-*	any	adult	free	foreign	resident	any	6		0			0														1																					0	0						0																												
citizen_male	iuvenes	Roman Empire	Hellenistic & Early Roman (165 BCE – 105 CE)	M-A-F-*-R-*	male	adult	free	unspecified	resident	any	5																				1	1							1														1																																	
citizen_female	mulieres	Roman Empire	High Roman Empire (135–205 CE)	F-A-*-*-*-*	female	adult	any	any	any	any	4													0								0																		0																																		0		
citizen_male	politēs	Archaic Athens (Solonic)	High Roman Empire (135–205 CE)	M-A-F-N-R-*	male	adult	free	native	resident	any	4	1	1																																									1																																
citizen_male	grammaticus	Roman Empire	High Roman Empire (135–205 CE)	M-A-F-*-R-M	male	adult	free	unspecified	resident	any	4	1									1													1																																																				
citizen_male	politēs	Classical Greece	Late Classical (354–165 BCE)	M-A-F-N-R-*	male	adult	free	native	resident	any	4		1	0	0																										1																																													
citizen_male	andres	Classical Greece	Classical (500–360 BCE)	M-A-F-N-R-*	male	adult	free	native	resident	any	4		1	1												0																																							1																					
foreigner	Tarentini	Middle Roman Republic	Hellenistic & Early Roman (165 BCE – 105 CE)	*-*-*-F-*-*	any	any	any	foreign	any	any	3				1		X																																																																					
citizen_female	Virgines Vestales	Early Roman Kingdom	Hellenistic & Early Roman (165 BCE – 105 CE)	F-*-F-N-R-H	female	any	free	native	resident	high	3																										0																			1																														
citizen_male	politēs	League of Corinth	Late Classical (354–165 BCE)	M-A-F-N-R-*	male	adult	free	native	resident	any	3																				1													1																																										
citizen_female	Lakaiai	Classical Sparta	Hellenistic & Early Roman (165 BCE – 105 CE)	F-*-F-N-R-*	female	any	free	native	resident	any	3						1																				0																1																																	
citizen_male	stratēgos	Achaean League	Hellenistic & Early Roman (165 BCE – 105 CE)	M-A-F-N-R-H	male	adult	free	native	resident	high	3														1															0															0																															
foreigner	metoikos	Athens (The Thirty Tyrants)	Classical (500–360 BCE)	*-*-F-F-R-*	any	any	free	foreign	resident	any	3			0											0											0																																																		
citizen_male	Kohen	Second Temple Judea	Hellenistic & Early Roman (165 BCE – 105 CE)	M-A-F-N-R-*	male	adult	free	native	resident	unspecified	3									X																																																																		1
citizen_female	gynaika	Early Christian Church	Hellenistic & Early Roman (165 BCE – 105 CE)	F-*-*-*-*-*	female	any	unspecified	any	any	unspecified	3							1													0	0																																																						
foreigner	Graeci	Roman Empire	Hellenistic & Early Roman (165 BCE – 105 CE)	*-*-*-F-*-*	any	any	free	foreign	any	any	2		0		1																																																																							
foreigner	xenoi	Sparta	Hellenistic & Early Roman (165 BCE – 105 CE)	*-*-F-F-*-*	any	any	free	foreign	any	any	2				1																								0																																															
slave	heilōtes	Classical Sparta	Hellenistic & Early Roman (165 BCE – 105 CE)	*-*-E-N-R-L	any	any	enslaved	native	resident	low	2													0																									0																																					
foreigner	metoikoi	Syracuse	Classical (500–360 BCE)	*-*-F-F-R-*	any	adult	free	foreign	resident	any	2							0																1																																																				
citizen_male	fetiales	Early Roman Kingdom	Hellenistic & Early Roman (165 BCE – 105 CE)	M-A-F-N-R-*	male	adult	free	native	resident	unspecified	2			1			1																																																																					
citizen_male	politēs	Corinth	Hellenistic & Early Roman (165 BCE – 105 CE)	M-A-F-N-N-*	male	adult	free	native	non_resident	any	2																													1													1																																	
slave	doulos	Crete	Late Classical (354–165 BCE)	*-*-E-*-R-L	any	any	enslaved	any	resident	low	2			0																											0																																													
citizen_male	homoioi	Classical Sparta	Classical (500–360 BCE)	M-A-F-N-R-*	male	adult	free	native	resident	any	2																				0																										1																													
slave	servi	Roman Empire	High Roman Empire (135–205 CE)	*-*-E-*-R-L	any	any	enslaved	any	resident	low	2																		0					1																																																				
citizen_male	eleutheroi	Crete	Late Classical (354–165 BCE)	M-A-F-N-R-*	male	adult	free	native	resident	any	2																			1																				1																																				
foreigner	xenoi	Archaic Athens (Solonic)	High Roman Empire (135–205 CE)	*-*-F-F-R-*	any	any	free	foreign	resident	any	2									0																							0																																											
citizen_male	civis Romanus	Late Roman Republic	Hellenistic & Early Roman (165 BCE – 105 CE)	M-A-F-N-*-*	male	adult	free	native	any	any	2														0							0																																																						
foreigner	xenoi	Athenian Empire	Classical (500–360 BCE)	*-*-F-F-N-*	any	any	free	foreign	non_resident	any	2	0																																																														0												
citizen_male	politēs	Roman Athens	High Roman Empire (135–205 CE)	M-A-F-N-R-*	male	adult	free	native	resident	any	2									0																																																																		
foreigner	dōpētos	Classical Athens	High Roman Empire (135–205 CE)	*-*-*-F-*-*	any	adult	any	foreign	any	any	2																																								0													0																						
citizen_male	propraetor/proconsul	Roman Republic	Hellenistic & Early Roman (165 BCE – 105 CE)	M-A-F-N-N-H	male	adult	free	native	non_resident	high	2			1																															1																																									
citizen_male	politēs	Salamis (Cyprus)	Classical (500–360 BCE)	M-A-F-N-R-*	male	adult	free	native	resident	any	2																									1																	0																																	
citizen_male	polites	Sicyon	Hellenistic & Early Roman (165 BCE – 105 CE)	M-A-F-N-R-*	male	adult	free	native	resident	any	2							1												1																																																								
citizen_male	politai	Classical Athens (the Thirty Tyrants)	Late Classical (354–165 BCE)	M-A-F-N-R-*	male	adult	free	native	resident	any	2														0																0																																													
citizen_male	eleutheroi	Syracuse	Classical (500–360 BCE)	M-A-F-*-R-*	male	adult	free	any	non_resident	any	2																		1					1																																																				
citizen_male	Galli	Hellenistic Hierapolis	High Roman Empire (135–205 CE)	M-*-*-*-*-*	male	adult	any	unspecified	any	any	2																																																						1					0																
slave	heilōtes	Sparta	Hellenistic & Early Roman (165 BCE – 105 CE)	*-*-E-N-R-L	any	any	enslaved	native	resident	low	2													0										1																																																				
citizen_male	Spartiatai	Archaic Sparta	Hellenistic & Early Roman (165 BCE – 105 CE)	M-*-F-N-R-*	male	adult	free	native	resident	any	2							0																									1																																											
citizen_male		Ancient Egypt	Classical (500–360 BCE)	M-A-F-N-R-M	male	adult	free	native	resident	middle	2			1																																			1																																					
citizen_female	gynaikes	Classical Athens	High Roman Empire (135–205 CE)	F-*-*-*-R-*	female	any	any	unspecified	resident	any	2																	1																																			0																							
citizen_male	Hoi Triskhilioi	Athens (The Thirty Tyrants)	Classical (500–360 BCE)	M-A-F-N-R-H	male	adult	free	native	resident	high	2														0					0																																																								
citizen_male	pentakosiomedimnoi	Archaic Athens (Draconian)	Late Classical (354–165 BCE)	M-A-F-N-R-H	male	adult	free	native	resident	high	2		1																	1																																																								
citizen_female	Lakaiai	Archaic Sparta	Hellenistic & Early Roman (165 BCE – 105 CE)	F-*-F-N-R-*	female	any	free	native	resident	any	2			1																																																	1																							
citizen_male	eupatridai	Archaic Athens	Late Classical (354–165 BCE)	M-A-F-N-R-H	male	adult	free	native	resident	high	2												1																																																															
citizen_female	gynaikes	Hellenistic Greece	Hellenistic & Early Roman (165 BCE – 105 CE)	F-*-*-*-*-*	female	any	any	any	any	any	2						0	0																																																																				
citizen_female	Spartiatis	Sparta	Late Classical (354–165 BCE)	F-A-F-N-R-*	female	adult	free	native	resident	any	2																					1	1																																																					
foreigner	xenoi	Hellenistic Greece	Hellenistic & Early Roman (165 BCE – 105 CE)	*-*-F-F-R-*	any	any	free	foreign	resident	any	1				1																																																																							
citizen_female	virgines Vestales	Middle Roman Republic	Hellenistic & Early Roman (165 BCE – 105 CE)	F-*-F-N-R-*	female	any	free	native	resident	any	1															0																																																												
foreigner	metoikos	Oropus	Classical (500–360 BCE)	*-A-F-F-R-*	any	adult	free	foreign	resident	any	1																																								0																																			
citizen_female	gynaikes	Classical Thebes	Hellenistic & Early Roman (165 BCE – 105 CE)	F-*-F-N-R-*	female	any	free	native	resident	any	1																				0																																																							
foreigner	metoikos	Mantineia	Hellenistic & Early Roman (165 BCE – 105 CE)	*-A-F-F-R-*	any	adult	free	foreign	resident	any	1				1																																																																							
foreigner	barbaroi	Macedonia	Late Classical (354–165 BCE)	*-*-*-F-R-L	any	any	any	foreign	resident	low	1						0																																																																					
foreigner	Athēnaios	Hellenistic Macedon	Hellenistic & Early Roman (165 BCE – 105 CE)	M-A-F-F-*-*	male	adult	free	foreign	any	any	1						1																																																																					
foreigner	peregrini	Early Roman Kingdom	Hellenistic & Early Roman (165 BCE – 105 CE)	*-*-F-F-R-*	any	any	free	foreign	resident	any	1																																																		1																									
citizen_female	gynē	Hellenistic Macedon	Hellenistic & Early Roman (165 BCE – 105 CE)	F-A-F-*-*-*	female	adult	free	unspecified	any	any	1													0																																																														
citizen_female	gynaikes	Hellenistic Hierapolis	High Roman Empire (135–205 CE)	F-*-*-*-*-*	female	any	any	unspecified	any	any	1									0																																																																		
foreigner	xenoi	Sicyon	Hellenistic & Early Roman (165 BCE – 105 CE)	*-*-F-F-R-*	any	any	free	foreign	resident	any	1							0																																																																				
foreigner	xenoi	Classical Sparta	Hellenistic & Early Roman (165 BCE – 105 CE)	*-*-F-F-R-*	any	any	free	foreign	resident	any	1																																0																																											
foreigner	aichmalōtos	Classical Sparta	Classical (500–360 BCE)	*-*-E-F-R-L	any	any	enslaved	foreign	resident	low	1	1																																																																										
foreigner	metoikos	Classical Greece	Late Classical (354–165 BCE)	*-*-F-F-R-*	any	any	free	foreign	resident	any	1				0																																																																							
citizen_female	gynaikes	Classical Greece	Classical (500–360 BCE)	F-A-*-*-*-*	female	adult	any	any	any	any	1							1																																																																				
citizen_male	archontes	Classical Athens (the Four Hundred)	Late Classical (354–165 BCE)	M-A-F-N-R-H	male	adult	free	native	resident	high	1										0																																																																	
citizen_female	gynaikes	Classical Athens (the Thirty Tyrants)	Late Classical (354–165 BCE)	F-*-F-*-R-*	female	any	free	any	resident	any	1																																													0																														
slave	douloi	Classical Greece	Classical (500–360 BCE)	*-*-E-*-R-L	any	any	enslaved	any	resident	low	1																		0																																																									
slave	doulos	Scythia	Hellenistic & Early Roman (165 BCE – 105 CE)	*-*-E-*-R-L	any	any	enslaved	any	resident	low	1																		0																																																									
slave	servi	Roman Empire (Greek East)	High Roman Empire (135–205 CE)	*-*-E-*-R-L	any	any	enslaved	any	resident	low	1																							0																																																				
citizen_female		Archaic Macedon	Late Classical (354–165 BCE)	F-A-F-N-R-H	female	adult	free	native	resident	high	1																																																			1																								
slave	servi	Roman Empire	Hellenistic & Early Roman (165 BCE – 105 CE)	*-*-E-*-R-L	any	any	enslaved	any	resident	low	1						1																																																																					
slave	captivi	Middle Roman Republic	Hellenistic & Early Roman (165 BCE – 105 CE)	*-*-E-F-R-L	any	any	enslaved	foreign	resident	low	1						1																																																																					
slave	doulos	Hellenistic Greece	Hellenistic & Early Roman (165 BCE – 105 CE)	*-*-E-*-R-L	any	any	enslaved	any	resident	low	1																														1																																													
citizen_female	gynaikes	Byblos (Syria)	High Roman Empire (135–205 CE)	F-A-F-*-*-*	female	adult	free	any	any	any	1																					0																																																						
slave	aichmalōtos	Classical Sparta	Classical (500–360 BCE)	*-*-E-F-R-L	any	any	enslaved	foreign	resident	low	1	1																																																																										
slave	doulos	Classical Cos	High Roman Empire (135–205 CE)	*-*-E-*-R-L	any	any	enslaved	any	resident	low	1									0																																																																		
citizen_female	gynaikes	Naucratis	High Roman Empire (135–205 CE)	F-*-F-*-R-*	female	any	free	any	resident	any	1																																							0																																				
citizen_female	gunaikes	Chalcidice	Late Classical (354–165 BCE)	F-*-F-N-R-*	female	any	free	native	resident	any	1																						1																																																					
citizen_female		Classical Athens	Hellenistic & Early Roman (165 BCE – 105 CE)	F-*-F-N-R-*	female	any	free	native	resident	any	1																	1																																																										
slave	servus	Archaic Rome	High Roman Empire (135–205 CE)	*-*-E-*-R-L	any	any	enslaved	any	resident	low	1																																																												0															
slave	doulos	Archaic Athens (Solonic)	Late Classical (354–165 BCE)	*-*-E-*-R-L	any	any	enslaved	any	resident	low	1																										0																																																	
slave	doulos	Archaic Athens (Solonic)	Classical (500–360 BCE)	*-*-E-*-R-L	any	any	enslaved	any	resident	low	1	1																																																																										
slave	doulos	Archaic Athens	Hellenistic & Early Roman (165 BCE – 105 CE)	*-*-E-*-R-L	any	any	enslaved	any	resident	low	1																																																																					0						
foreigner	metoikos	Thurii	Late Classical (354–165 BCE)	*-*-F-F-R-*	any	any	free	foreign	resident	any	1																												0																																															
foreigner	Sikeloi	Syracuse	Hellenistic & Early Roman (165 BCE – 105 CE)	*-*-*-F-R-*	any	any	any	foreign	resident	any	1																																1																																											
citizen_female	gynaikes	Mytilene	Late Classical (354–165 BCE)	F-*-*-*-R-*	female	any	any	unspecified	resident	any	1																										0																																																	
citizen_male	stratēgos	Thurii	Late Classical (354–165 BCE)	M-A-F-N-R-*	male	adult	free	native	resident	any	1																													0																																														
citizen_female	mulieres	Republican Rome	High Roman Empire (135–205 CE)	F-*-F-*-R-*	female	any	free	any	resident	any	1																																																												0															
foreigner	metoikos	Aegina	Classical (500–360 BCE)	*-A-F-F-R-*	any	adult	free	foreign	resident	any	1																																													1																														
citizen_male	ephēbos	High Empire Athens	High Roman Empire (135–205 CE)	M-A-F-N-R-*	male	adult	free	native	resident	any	1																																														0																													
citizen_male	galli	Hierapolis (Syria)	High Roman Empire (135–205 CE)	M-A-*-*-*-*	male	adult	any	any	any	any	1																					0																																																						
citizen_female	gynaikes	Archaic Athens (Solonic)	Late Classical (354–165 BCE)	F-*-F-N-R-*	female	any	free	native	resident	unspecified	1									0																																																																		
citizen_male	politai	Hellenistic Greek states	Hellenistic & Early Roman (165 BCE – 105 CE)	M-A-F-N-R-*	male	adult	free	native	resident	any	1		1																																																																									
citizen_male	eleutheroi	Hellenistic Athens	Hellenistic & Early Roman (165 BCE – 105 CE)	M-A-F-*-R-*	male	adult	free	any	resident	any	1																		1																																																									
citizen_male	presbyteros	Early Christian Church	Hellenistic & Early Roman (165 BCE – 105 CE)	M-E-F-*-R-*	male	elder	free	any	resident	unspecified	1			1																																																																								
citizen_male	politēs	Delphic Amphictyonic League	Late Classical (354–165 BCE)	M-A-F-N-R-*	male	adult	free	native	resident	any	1			1																																																																								
citizen_male	Delphoi	Delphi	Late Classical (354–165 BCE)	M-A-F-N-R-*	male	adult	free	native	resident	any	1																																						0																																					
citizen_male	m' rtm	Carthage	Late Classical (354–165 BCE)	M-A-F-N-R-*	male	adult	free	native	resident	any	1					1																																																																						
citizen_male	politai	Classical Athens (Cleisthenic)	Late Classical (354–165 BCE)	M-A-F-N-R-*	male	adult	free	native	resident	any	1																															1																																												
citizen_male	politai	Classical Thebes	Hellenistic & Early Roman (165 BCE – 105 CE)	M-A-F-N-R-*	male	adult	free	native	resident	any	1	1																																																																										
citizen_male	homoioi	Classical Sparta	Late Classical (354–165 BCE)	M-A-F-N-R-H	male	adult	free	native	resident	high	1																																																		1																									
citizen_male	homoioi	Classical Sparta	High Roman Empire (135–205 CE)	M-A-F-N-R-M	male	adult	free	native	resident	middle	1																																							1																																				
citizen_male	politēs	Classical Athens (Eleusis)	Late Classical (354–165 BCE)	M-A-F-N-R-*	male	adult	free	native	resident	any	1																																										1																																	
citizen_male	politēs	Classical Athens (Solonic)	Late Classical (354–165 BCE)	M-A-F-N-R-*	male	adult	free	native	resident	any	1																																																								1																			
citizen_male	hoi pentakischilioi	Classical Athens (The Five Thousand)	Classical (500–360 BCE)	M-A-F-N-R-M	male	adult	free	native	resident	middle	1																															1																																												
citizen_male	politai	Classical Athens (The Four Hundred)	Classical (500–360 BCE)	M-A-F-N-R-H	male	adult	free	native	resident	high	1				1																																																																							
citizen_male	eugeneis	Ionia and Pontus	High Roman Empire (135–205 CE)	M-A-F-N-R-H	male	adult	free	native	resident	high	1																																		1																																									
citizen_male	hem-netjer	Late Period Egypt	Classical (500–360 BCE)	M-A-F-N-R-H	male	adult	free	native	resident	high	1																																				1																																							
citizen_male	tyrannos	Argos	Hellenistic & Early Roman (165 BCE – 105 CE)	M-A-F-N-R-H	male	adult	free	native	resident	high	1																									0																																																		
citizen_male	agroikoi	Archaic Athens (Peisistratid)	Late Classical (354–165 BCE)	M-A-F-N-R-*	male	adult	free	native	resident	any	1																																																					1																						
foreigner	xenos	Acragas	High Roman Empire (135–205 CE)	*-*-F-F-R-*	any	any	free	foreign	resident	any	1																												1																																															
citizen_male	hoi pentakischilioi	Classical Athens (the Five Thousand)	Late Classical (354–165 BCE)	M-A-F-N-R-M	male	adult	free	native	resident	middle	1			1																																																																								
citizen_female	gynē	Seleucid Empire	High Roman Empire (135–205 CE)	F-A-F-*-R-*	female	adult	free	unspecified	resident	any	1																																																																				0							
citizen_male		Aegina	Classical (500–360 BCE)	M-A-F-*-R-*	male	adult	free	unspecified	resident	any	1																																																							1																				
citizen_male	stratiōtai	Seleucid Empire	High Roman Empire (135–205 CE)	M-A-F-*-R-*	male	adult	free	unspecified	resident	any	1																																				1																																							
citizen_male	athlētai	Ancient Greece	Hellenistic & Early Roman (165 BCE – 105 CE)	M-*-F-N-*-*	male	any	free	native	any	any	1						1																																																																					
citizen_male		Scythia	High Roman Empire (135–205 CE)	M-A-F-N-R-*	male	adult	free	native	resident	any	1													1																																																														
citizen_male	eupatridai	Archaic Athens (Pre-Solonic)	Late Classical (354–165 BCE)	M-A-F-N-R-H	male	adult	free	native	resident	high	1												1																																																															
citizen_male	politēs	Locri (Epizephyrian)	Late Classical (354–165 BCE)	M-A-F-N-R-*	male	adult	free	native	resident	any	1																																0																																											
citizen_male	politēs	Archaic Athens (Solonic)	Classical (500–360 BCE)	M-A-F-N-R-*	male	adult	free	native	resident	any	1																		0																																																									
citizen_male	politēs	Oreus	Late Classical (354–165 BCE)	M-A-F-N-R-*	male	adult	free	native	resident	any	1																			1																																																								
citizen_male	basileis	Non-Greek states	Late Classical (354–165 BCE)	M-A-F-*-R-H	male	adult	free	unspecified	resident	high	1																																				1																																							
citizen_male	politēs	Mytilene	Late Classical (354–165 BCE)	M-A-F-N-R-*	male	adult	free	native	resident	any	1																		1																																																									
citizen_male	gnōrimoi	Archaic Corinth	Late Classical (354–165 BCE)	M-A-F-N-R-H	male	adult	free	native	resident	high	1															0																																																												
citizen_male	gnōrimoi	Megara	Late Classical (354–165 BCE)	M-A-F-N-R-H	male	adult	free	native	resident	high	1																																0																																											
citizen_male	basileus	Macedonian Empire	Hellenistic & Early Roman (165 BCE – 105 CE)	M-A-F-N-*-H	male	adult	free	native	any	high	1																																																			1																								
citizen_female	gynaikes	Ancient Olympia	High Roman Empire (135–205 CE)	F-A-F-*-*-*	female	adult	free	any	any	any	1																																																						0																					
